filepath,fold,label_asli,label_baru,keputusan,alasan,reviewer,margin,label_quality_score,is_double_flagged
/content/drive/MyDrive/BDC2026/train/0_Recyclable/R_429.jpg,4,0.0,0.0,pending,,,0.0067324927754504,,False
/content/drive/MyDrive/BDC2026/train/0_Recyclable/R_136.jpg,1,0.0,0.0,pending,,,0.0116121392576364,,False
/content/drive/MyDrive/BDC2026/train/0_Recyclable/R_8580.jpg,3,0.0,0.0,pending,,,0.016765545973728,,False
/content/drive/MyDrive/BDC2026/train/0_Recyclable/R_9080.jpg,2,0.0,0.0,pending,,,0.0219956876792722,,False
/content/drive/MyDrive/BDC2026/train/0_Recyclable/R_274.jpg,2,0.0,0.0,pending,,,0.0262041102079865,,False
/content/drive/MyDrive/BDC2026/train/0_Recyclable/R_1757.jpg,4,0.0,0.0,pending,,,0.0266355001432992,,False
/content/drive/MyDrive/BDC2026/train/0_Recyclable/R_3616.jpg,3,0.0,0.0,pending,,,0.0373800899928856,,False
/content/drive/MyDrive/BDC2026/train/0_Recyclable/R_6063.jpg,0,0.0,0.0,pending,,,0.0382681668063519,,False
/content/drive/MyDrive/BDC2026/train/0_Recyclable/R_2732.jpg,0,0.0,0.0,pending,,,0.0398995256663595,,False
/content/drive/MyDrive/BDC2026/train/0_Recyclable/R_4836.jpg,0,0.0,0.0,pending,,,0.0443831154371784,,False
/content/drive/MyDrive/BDC2026/train/0_Recyclable/R_779.jpg,0,0.0,0.0,pending,,,0.0463460482376456,,False
/content/drive/MyDrive/BDC2026/train/0_Recyclable/R_9277.jpg,1,0.0,0.0,pending,,,0.0520812158396475,,False
/content/drive/MyDrive/BDC2026/train/0_Recyclable/R_4090.jpg,0,0.0,0.0,pending,,,0.0530459683073933,,False
/content/drive/MyDrive/BDC2026/train/0_Recyclable/R_546.jpg,2,0.0,0.0,pending,,,0.0561027720298639,,False
/content/drive/MyDrive/BDC2026/train/0_Recyclable/R_8760.jpg,0,0.0,0.0,pending,,,0.059248138015171,,False
/content/drive/MyDrive/BDC2026/train/0_Recyclable/R_5548.jpg,3,0.0,0.0,pending,,,0.060249985808659,,False
/content/drive/MyDrive/BDC2026/train/0_Recyclable/R_7961.jpg,1,0.0,0.0,pending,,,0.0658062543350145,,False
/content/drive/MyDrive/BDC2026/train/0_Recyclable/R_484.jpg,0,0.0,0.0,pending,,,0.0682260620206638,,False
/content/drive/MyDrive/BDC2026/train/0_Recyclable/R_4595.jpg,2,0.0,0.0,pending,,,0.0714600468990745,,False
/content/drive/MyDrive/BDC2026/train/0_Recyclable/R_792.jpg,4,0.0,0.0,pending,,,0.0729123441162203,,False
/content/drive/MyDrive/BDC2026/train/0_Recyclable/R_2674.jpg,1,0.0,0.0,pending,,,0.0756417967341755,,False
/content/drive/MyDrive/BDC2026/train/0_Recyclable/R_9347.jpg,4,0.0,0.0,pending,,,0.076517476148649,,False
/content/drive/MyDrive/BDC2026/train/0_Recyclable/R_776.jpg,1,0.0,0.0,pending,,,0.0795547014628629,,False
/content/drive/MyDrive/BDC2026/train/0_Recyclable/R_811.jpg,1,0.0,0.0,pending,,,0.0821165719402239,,False
/content/drive/MyDrive/BDC2026/train/0_Recyclable/R_631.jpg,4,0.0,0.0,pending,,,0.0840918289994451,,False
/content/drive/MyDrive/BDC2026/train/0_Recyclable/R_5038.jpg,2,0.0,0.0,pending,,,0.0860854281607091,,False
/content/drive/MyDrive/BDC2026/train/0_Recyclable/R_8275.jpg,1,0.0,0.0,pending,,,0.0868567278224777,,False
/content/drive/MyDrive/BDC2026/train/0_Recyclable/R_4626.jpg,3,0.0,0.0,pending,,,0.0886215270072971,,False
/content/drive/MyDrive/BDC2026/train/0_Recyclable/R_400.jpg,0,0.0,0.0,pending,,,0.0886499777990739,,False
/content/drive/MyDrive/BDC2026/train/0_Recyclable/R_9501.jpg,0,0.0,0.0,pending,,,0.0893603621635448,,False
/content/drive/MyDrive/BDC2026/train/0_Recyclable/R_2227.jpg,1,0.0,0.0,pending,,,0.0905446003776658,,False
/content/drive/MyDrive/BDC2026/train/0_Recyclable/R_5323.jpg,4,0.0,0.0,pending,,,0.092771077948108,,False
/content/drive/MyDrive/BDC2026/train/0_Recyclable/R_9325.jpg,0,0.0,0.0,pending,,,0.098297127273853,,False
/content/drive/MyDrive/BDC2026/train/0_Recyclable/R_6995.jpg,3,0.0,0.0,pending,,,0.1109130940277082,,False
/content/drive/MyDrive/BDC2026/train/0_Recyclable/R_4659.jpg,3,0.0,0.0,pending,,,0.113422817085696,,False
/content/drive/MyDrive/BDC2026/train/0_Recyclable/R_6627.jpg,4,0.0,0.0,pending,,,0.1191409055342505,,False
/content/drive/MyDrive/BDC2026/train/0_Recyclable/R_5252.jpg,2,0.0,0.0,pending,,,0.1302480812380358,,False
/content/drive/MyDrive/BDC2026/train/0_Recyclable/R_726.jpg,4,0.0,0.0,pending,,,0.1302601248783391,,False
/content/drive/MyDrive/BDC2026/train/0_Recyclable/R_5414.jpg,2,0.0,0.0,pending,,,0.1360830630779649,,False
/content/drive/MyDrive/BDC2026/train/0_Recyclable/R_5777.jpg,1,0.0,0.0,pending,,,0.1361130823899047,,False
/content/drive/MyDrive/BDC2026/train/0_Recyclable/R_545.jpg,0,0.0,0.0,pending,,,0.1371448904053412,,False
/content/drive/MyDrive/BDC2026/train/0_Recyclable/R_5432.jpg,3,0.0,0.0,pending,,,0.1374698675987575,,False
/content/drive/MyDrive/BDC2026/train/0_Recyclable/R_4655.jpg,3,0.0,0.0,pending,,,0.15153528245769,,False
/content/drive/MyDrive/BDC2026/train/0_Recyclable/R_4605.jpg,2,0.0,0.0,pending,,,0.152956354203585,,False
/content/drive/MyDrive/BDC2026/train/0_Recyclable/R_4860.jpg,4,0.0,0.0,pending,,,0.1561699855666789,,False
/content/drive/MyDrive/BDC2026/train/0_Recyclable/R_4543.jpg,3,0.0,0.0,pending,,,0.166237640483393,,False
/content/drive/MyDrive/BDC2026/train/0_Recyclable/R_637.jpg,4,0.0,0.0,pending,,,0.1685144743260797,,False
/content/drive/MyDrive/BDC2026/train/0_Recyclable/R_8134.jpg,0,0.0,0.0,pending,,,0.1734238221545496,,False
/content/drive/MyDrive/BDC2026/train/0_Recyclable/R_739.jpg,4,0.0,0.0,pending,,,0.1743361099071129,,False
/content/drive/MyDrive/BDC2026/train/0_Recyclable/R_4660.jpg,4,0.0,0.0,pending,,,0.183321862509248,,False
/content/drive/MyDrive/BDC2026/train/0_Recyclable/R_7136.jpg,3,0.0,0.0,pending,,,0.1852551649116772,,False
/content/drive/MyDrive/BDC2026/train/0_Recyclable/R_7004.jpg,1,0.0,0.0,pending,,,0.1882527015010751,,False
/content/drive/MyDrive/BDC2026/train/0_Recyclable/R_743.jpg,1,0.0,0.0,pending,,,0.188545666190956,,False
/content/drive/MyDrive/BDC2026/train/0_Recyclable/R_741.jpg,2,0.0,0.0,pending,,,0.1947191843029464,,False
/content/drive/MyDrive/BDC2026/train/0_Recyclable/R_8327.jpg,1,0.0,0.0,pending,,,0.1960496429131586,,False
/content/drive/MyDrive/BDC2026/train/0_Recyclable/R_7183.jpg,1,0.0,0.0,pending,,,0.2013891168081151,,False
/content/drive/MyDrive/BDC2026/train/0_Recyclable/R_3556.jpg,4,0.0,0.0,pending,,,0.2029641979178404,,False
/content/drive/MyDrive/BDC2026/train/0_Recyclable/R_4619.jpg,2,0.0,0.0,pending,,,0.203587882903745,,False
/content/drive/MyDrive/BDC2026/train/0_Recyclable/R_697.jpg,1,0.0,0.0,pending,,,0.2066605709227905,,False
/content/drive/MyDrive/BDC2026/train/0_Recyclable/R_9353.jpg,4,0.0,0.0,pending,,,0.2096661733244956,,False
/content/drive/MyDrive/BDC2026/train/0_Recyclable/R_8198.jpg,4,0.0,0.0,pending,,,0.2105672910495383,,False
/content/drive/MyDrive/BDC2026/train/0_Recyclable/R_9491.jpg,1,0.0,0.0,pending,,,0.2111562193309493,,False
/content/drive/MyDrive/BDC2026/train/0_Recyclable/R_8303.jpg,1,0.0,0.0,pending,,,0.2128806052406901,,False
/content/drive/MyDrive/BDC2026/train/0_Recyclable/R_9142.jpg,2,0.0,0.0,pending,,,0.2133206163717856,,False
/content/drive/MyDrive/BDC2026/train/0_Recyclable/R_5980.jpg,0,0.0,0.0,pending,,,0.2138164812462709,,False
/content/drive/MyDrive/BDC2026/train/0_Recyclable/R_7198.jpg,1,0.0,0.0,pending,,,0.2145770894257531,,False
/content/drive/MyDrive/BDC2026/train/0_Recyclable/R_760.jpg,0,0.0,0.0,pending,,,0.2170853557789288,,False
/content/drive/MyDrive/BDC2026/train/0_Recyclable/R_1786.jpg,0,0.0,0.0,pending,,,0.2298264305640608,,False
/content/drive/MyDrive/BDC2026/train/0_Recyclable/R_2676.jpg,0,0.0,0.0,pending,,,0.2341014344563627,,False
/content/drive/MyDrive/BDC2026/train/0_Recyclable/R_879.jpg,1,0.0,0.0,pending,,,0.2383848898614207,,False
/content/drive/MyDrive/BDC2026/train/0_Recyclable/R_5558.jpg,4,0.0,0.0,pending,,,0.2471304360315684,,False
/content/drive/MyDrive/BDC2026/train/0_Recyclable/R_431.jpg,2,0.0,0.0,pending,,,0.2577588869547991,,False
/content/drive/MyDrive/BDC2026/train/0_Recyclable/R_4635.jpg,2,0.0,0.0,pending,,,0.2580194176918289,,False
/content/drive/MyDrive/BDC2026/train/0_Recyclable/R_4439.jpg,2,0.0,0.0,pending,,,0.2591063630045091,,False
/content/drive/MyDrive/BDC2026/train/0_Recyclable/R_3558.jpg,0,0.0,0.0,pending,,,0.2615834818971981,,False
/content/drive/MyDrive/BDC2026/train/0_Recyclable/R_5948.jpg,1,0.0,0.0,pending,,,0.2664492126264497,,False
/content/drive/MyDrive/BDC2026/train/0_Recyclable/R_5496.jpg,2,0.0,0.0,pending,,,0.2671080847781268,,False
/content/drive/MyDrive/BDC2026/train/0_Recyclable/R_5341.jpg,1,0.0,0.0,pending,,,0.2673195578858063,,False
/content/drive/MyDrive/BDC2026/train/0_Recyclable/R_810.jpg,1,0.0,0.0,pending,,,0.2708580497673218,,False
/content/drive/MyDrive/BDC2026/train/0_Recyclable/R_642.jpg,3,0.0,0.0,pending,,,0.2923133770612968,,False
/content/drive/MyDrive/BDC2026/train/0_Recyclable/R_49.jpg,3,0.0,0.0,pending,,,0.3044033699990696,,False
/content/drive/MyDrive/BDC2026/train/0_Recyclable/R_509.jpg,3,0.0,0.0,pending,,,0.3144350348315535,,False
/content/drive/MyDrive/BDC2026/train/0_Recyclable/R_673.jpg,3,0.0,0.0,pending,,,0.3217469221858139,,False
/content/drive/MyDrive/BDC2026/train/0_Recyclable/R_4024.jpg,1,0.0,0.0,pending,,,0.3286003247263309,,False
/content/drive/MyDrive/BDC2026/train/0_Recyclable/R_4882.jpg,1,0.0,0.0,pending,,,0.3441592472829315,,False
/content/drive/MyDrive/BDC2026/train/0_Recyclable/R_4807.jpg,2,0.0,0.0,pending,,,0.3707558447233999,,False
/content/drive/MyDrive/BDC2026/train/0_Recyclable/R_1257.jpg,0,0.0,0.0,pending,,,0.3708424473657865,,False
/content/drive/MyDrive/BDC2026/train/0_Recyclable/R_615.jpg,4,0.0,0.0,pending,,,0.3801812173262026,,False
/content/drive/MyDrive/BDC2026/train/0_Recyclable/R_7052.jpg,4,0.0,0.0,pending,,,0.382199361909779,,False
/content/drive/MyDrive/BDC2026/train/0_Recyclable/R_621.jpg,4,0.0,0.0,pending,,,0.4155713285278875,,False
/content/drive/MyDrive/BDC2026/train/0_Recyclable/R_9716.jpg,1,0.0,0.0,pending,,,0.4469966384064474,,False
/content/drive/MyDrive/BDC2026/train/0_Recyclable/R_4602.jpg,1,0.0,0.0,pending,,,0.987598526466316,0.005648473,
/content/drive/MyDrive/BDC2026/train/0_Recyclable/R_4583.jpg,1,0.0,0.0,pending,,,0.990878334167734,0.0043417993,
/content/drive/MyDrive/BDC2026/train/2_Organic/O_8772.jpg,3,2.0,2.0,pending,,,0.000666318447802,,False
/content/drive/MyDrive/BDC2026/train/2_Organic/O_218.jpg,4,2.0,2.0,pending,,,0.001487778862278,,False
/content/drive/MyDrive/BDC2026/train/2_Organic/O_1870.jpg,1,2.0,2.0,pending,,,0.0038469279129581,,False
/content/drive/MyDrive/BDC2026/train/2_Organic/O_9158.jpg,0,2.0,2.0,pending,,,0.0059797028967255,,False
/content/drive/MyDrive/BDC2026/train/2_Organic/O_7463.jpg,1,2.0,2.0,pending,,,0.0141354183439695,,False
/content/drive/MyDrive/BDC2026/train/2_Organic/O_1686.jpg,1,2.0,2.0,pending,,,0.0153841813127751,,False
/content/drive/MyDrive/BDC2026/train/2_Organic/O_6643.jpg,0,2.0,2.0,pending,,,0.016320794807556,,False
/content/drive/MyDrive/BDC2026/train/2_Organic/O_9692.jpg,2,2.0,2.0,pending,,,0.0196475669278615,,False
/content/drive/MyDrive/BDC2026/train/2_Organic/O_9188.jpg,1,2.0,2.0,pending,,,0.0207278392543878,,False
/content/drive/MyDrive/BDC2026/train/2_Organic/O_6678.jpg,2,2.0,2.0,pending,,,0.0213500434934202,,False
/content/drive/MyDrive/BDC2026/train/2_Organic/O_1816.jpg,3,2.0,2.0,pending,,,0.0280527211984618,,False
/content/drive/MyDrive/BDC2026/train/2_Organic/O_6702.jpg,0,2.0,2.0,pending,,,0.0291739631146483,,False
/content/drive/MyDrive/BDC2026/train/2_Organic/O_443.jpg,1,2.0,2.0,pending,,,0.0296551630050449,,False
/content/drive/MyDrive/BDC2026/train/2_Organic/O_9198.jpg,4,2.0,2.0,pending,,,0.034297340770525,,False
/content/drive/MyDrive/BDC2026/train/2_Organic/O_5700.jpg,1,2.0,2.0,pending,,,0.0351000095976957,,False
/content/drive/MyDrive/BDC2026/train/2_Organic/O_6857.jpg,1,2.0,2.0,pending,,,0.0500347247443592,,False
/content/drive/MyDrive/BDC2026/train/2_Organic/O_5999.jpg,2,2.0,2.0,pending,,,0.0506126895328575,,False
/content/drive/MyDrive/BDC2026/train/2_Organic/O_5688.jpg,1,2.0,2.0,pending,,,0.0515298461355832,,False
/content/drive/MyDrive/BDC2026/train/2_Organic/O_1276.jpg,3,2.0,2.0,pending,,,0.0523009163733994,,False
/content/drive/MyDrive/BDC2026/train/2_Organic/O_6240.jpg,2,2.0,2.0,pending,,,0.0524916299911162,,False
/content/drive/MyDrive/BDC2026/train/2_Organic/O_1530.jpg,0,2.0,2.0,pending,,,0.0527431534103563,,False
/content/drive/MyDrive/BDC2026/train/2_Organic/O_6834.jpg,2,2.0,2.0,pending,,,0.0639124406080645,,False
/content/drive/MyDrive/BDC2026/train/2_Organic/O_8922.jpg,1,2.0,2.0,pending,,,0.0640984994599533,,False
/content/drive/MyDrive/BDC2026/train/2_Organic/O_8895.jpg,4,2.0,2.0,pending,,,0.0652877063144856,,False
/content/drive/MyDrive/BDC2026/train/2_Organic/O_7616.jpg,0,2.0,2.0,pending,,,0.0660686530239867,,False
/content/drive/MyDrive/BDC2026/train/2_Organic/O_525.jpg,4,2.0,2.0,pending,,,0.066862600497871,,False
/content/drive/MyDrive/BDC2026/train/2_Organic/O_481.jpg,0,2.0,2.0,pending,,,0.06864667906308,,False
/content/drive/MyDrive/BDC2026/train/2_Organic/O_5084.jpg,3,2.0,2.0,pending,,,0.0686662743229575,,False
/content/drive/MyDrive/BDC2026/train/2_Organic/O_4055.jpg,3,2.0,2.0,pending,,,0.0736458189688498,,False
/content/drive/MyDrive/BDC2026/train/2_Organic/O_126.jpg,1,2.0,2.0,pending,,,0.0740454104421616,,False
/content/drive/MyDrive/BDC2026/train/2_Organic/O_8904.jpg,2,2.0,2.0,pending,,,0.0769231368298323,,False
/content/drive/MyDrive/BDC2026/train/2_Organic/O_6892.jpg,0,2.0,2.0,pending,,,0.0832432573348864,,False
/content/drive/MyDrive/BDC2026/train/2_Organic/O_8908.jpg,1,2.0,2.0,pending,,,0.0836515003317192,,False
/content/drive/MyDrive/BDC2026/train/2_Organic/O_9085.jpg,3,2.0,2.0,pending,,,0.0860559344395394,,False
/content/drive/MyDrive/BDC2026/train/2_Organic/O_6805.jpg,2,2.0,2.0,pending,,,0.0876579592130715,,False
/content/drive/MyDrive/BDC2026/train/2_Organic/O_9178.jpg,0,2.0,2.0,pending,,,0.0944847850441316,,False
/content/drive/MyDrive/BDC2026/train/2_Organic/O_8869.jpg,2,2.0,2.0,pending,,,0.0958318727256573,,False
/content/drive/MyDrive/BDC2026/train/2_Organic/O_1595.jpg,0,2.0,2.0,pending,,,0.0960713782012654,,False
/content/drive/MyDrive/BDC2026/train/2_Organic/O_3660.jpg,3,2.0,2.0,pending,,,0.0980851158750898,,False
/content/drive/MyDrive/BDC2026/train/2_Organic/O_8661.jpg,2,2.0,2.0,pending,,,0.1055084634800222,,False
/content/drive/MyDrive/BDC2026/train/2_Organic/O_9005.jpg,2,2.0,2.0,pending,,,0.1101091665946746,,False
/content/drive/MyDrive/BDC2026/train/2_Organic/O_4294.jpg,0,2.0,2.0,pending,,,0.1102410389195148,,False
/content/drive/MyDrive/BDC2026/train/2_Organic/O_6709.jpg,0,2.0,2.0,pending,,,0.1105846239953509,,False
/content/drive/MyDrive/BDC2026/train/2_Organic/O_3504.jpg,2,2.0,2.0,pending,,,0.1122596115056975,,False
/content/drive/MyDrive/BDC2026/train/2_Organic/O_3216.jpg,2,2.0,2.0,pending,,,0.1123954305928237,,False
/content/drive/MyDrive/BDC2026/train/2_Organic/O_6753.jpg,1,2.0,2.0,pending,,,0.1146900114438621,,False
/content/drive/MyDrive/BDC2026/train/2_Organic/O_6157.jpg,1,2.0,2.0,pending,,,0.1160997228650104,,False
/content/drive/MyDrive/BDC2026/train/2_Organic/O_6162.jpg,0,2.0,2.0,pending,,,0.1191052773002755,,False
/content/drive/MyDrive/BDC2026/train/2_Organic/O_1934.jpg,1,2.0,2.0,pending,,,0.1198229050207255,,False
/content/drive/MyDrive/BDC2026/train/2_Organic/O_3980.jpg,4,2.0,2.0,pending,,,0.1206317371039266,,False
/content/drive/MyDrive/BDC2026/train/2_Organic/O_3794.jpg,0,2.0,2.0,pending,,,0.124978469467971,,False
/content/drive/MyDrive/BDC2026/train/2_Organic/O_1927.jpg,0,2.0,2.0,pending,,,0.126502690885041,,False
/content/drive/MyDrive/BDC2026/train/2_Organic/O_6862.jpg,1,2.0,2.0,pending,,,0.1299653190169467,,False
/content/drive/MyDrive/BDC2026/train/2_Organic/O_3974.jpg,1,2.0,2.0,pending,,,0.1337899382266053,,False
/content/drive/MyDrive/BDC2026/train/2_Organic/O_9236.jpg,3,2.0,2.0,pending,,,0.133888273755727,,False
/content/drive/MyDrive/BDC2026/train/2_Organic/O_9106.jpg,3,2.0,2.0,pending,,,0.1356420836481598,,False
/content/drive/MyDrive/BDC2026/train/2_Organic/O_1242.jpg,2,2.0,2.0,pending,,,0.1392611530690022,,False
/content/drive/MyDrive/BDC2026/train/2_Organic/O_4096.jpg,1,2.0,2.0,pending,,,0.141016692549852,,False
/content/drive/MyDrive/BDC2026/train/2_Organic/O_8753.jpg,2,2.0,2.0,pending,,,0.1429698187846177,,False
/content/drive/MyDrive/BDC2026/train/2_Organic/O_6660.jpg,4,2.0,2.0,pending,,,0.1510129853499295,,False
/content/drive/MyDrive/BDC2026/train/2_Organic/O_8916.jpg,0,2.0,2.0,pending,,,0.1535012400597973,,False
/content/drive/MyDrive/BDC2026/train/2_Organic/O_9530.jpg,2,2.0,2.0,pending,,,0.1552774796858815,,False
/content/drive/MyDrive/BDC2026/train/2_Organic/O_5449.jpg,3,2.0,2.0,pending,,,0.1674150602409771,,False
/content/drive/MyDrive/BDC2026/train/2_Organic/O_6664.jpg,0,2.0,2.0,pending,,,0.1687956828191472,,False
/content/drive/MyDrive/BDC2026/train/2_Organic/O_7992.jpg,3,2.0,2.0,pending,,,0.1728635823017277,,False
/content/drive/MyDrive/BDC2026/train/2_Organic/O_6793.jpg,1,2.0,2.0,pending,,,0.1758828597258553,,False
/content/drive/MyDrive/BDC2026/train/2_Organic/O_6150.jpg,0,2.0,2.0,pending,,,0.1765983989533647,,False
/content/drive/MyDrive/BDC2026/train/2_Organic/O_4072.jpg,2,2.0,2.0,pending,,,0.1786747892807078,,False
/content/drive/MyDrive/BDC2026/train/2_Organic/O_262.jpg,1,2.0,2.0,pending,,,0.1884596271987425,,False
/content/drive/MyDrive/BDC2026/train/2_Organic/O_7803.jpg,3,2.0,2.0,pending,,,0.1895401658677092,,False
/content/drive/MyDrive/BDC2026/train/2_Organic/O_6639.jpg,2,2.0,2.0,pending,,,0.1921741867602945,,False
/content/drive/MyDrive/BDC2026/train/2_Organic/O_1139.jpg,1,2.0,2.0,pending,,,0.1958162039177291,,False
/content/drive/MyDrive/BDC2026/train/2_Organic/O_9670.jpg,3,2.0,2.0,pending,,,0.1997526313486298,,False
/content/drive/MyDrive/BDC2026/train/2_Organic/O_1805.jpg,3,2.0,2.0,pending,,,0.2018862676369816,,False
/content/drive/MyDrive/BDC2026/train/2_Organic/O_8846.jpg,1,2.0,2.0,pending,,,0.2019171020911289,,False
/content/drive/MyDrive/BDC2026/train/2_Organic/O_5425.jpg,2,2.0,2.0,pending,,,0.2090427934715463,,False
/content/drive/MyDrive/BDC2026/train/2_Organic/O_8825.jpg,2,2.0,2.0,pending,,,0.2110160844764462,,False
/content/drive/MyDrive/BDC2026/train/2_Organic/O_8868.jpg,4,2.0,2.0,pending,,,0.2112256814439823,,False
/content/drive/MyDrive/BDC2026/train/2_Organic/O_8627.jpg,4,2.0,2.0,pending,,,0.219402648180584,,False
/content/drive/MyDrive/BDC2026/train/2_Organic/O_8834.jpg,4,2.0,2.0,pending,,,0.2194980866744174,,False
/content/drive/MyDrive/BDC2026/train/2_Organic/O_6733.jpg,3,2.0,2.0,pending,,,0.2209482422943637,,False
/content/drive/MyDrive/BDC2026/train/2_Organic/O_10079.jpg,1,2.0,2.0,pending,,,0.2238662950127287,,False
/content/drive/MyDrive/BDC2026/train/2_Organic/O_10501.jpg,2,2.0,2.0,pending,,,0.2260149881946663,,False
/content/drive/MyDrive/BDC2026/train/2_Organic/O_3955.jpg,2,2.0,2.0,pending,,,0.2271251871958153,,False
/content/drive/MyDrive/BDC2026/train/2_Organic/O_565.jpg,2,2.0,2.0,pending,,,0.2304601658923666,,False
/content/drive/MyDrive/BDC2026/train/2_Organic/O_8991.jpg,3,2.0,2.0,pending,,,0.2307351125123619,,False
/content/drive/MyDrive/BDC2026/train/2_Organic/O_547.jpg,3,2.0,2.0,pending,,,0.2308899243229372,,False
/content/drive/MyDrive/BDC2026/train/2_Organic/O_8828.jpg,2,2.0,2.0,pending,,,0.2330965724046725,,False
/content/drive/MyDrive/BDC2026/train/2_Organic/O_652.jpg,1,2.0,2.0,pending,,,0.2361075999528104,,False
/content/drive/MyDrive/BDC2026/train/2_Organic/O_9279.jpg,2,2.0,2.0,pending,,,0.2443910255444988,,False
/content/drive/MyDrive/BDC2026/train/2_Organic/O_5211.jpg,4,2.0,2.0,pending,,,0.2446171658896999,,False
/content/drive/MyDrive/BDC2026/train/2_Organic/O_5376.jpg,4,2.0,2.0,pending,,,0.2522014766619339,,False
/content/drive/MyDrive/BDC2026/train/2_Organic/O_9683.jpg,2,2.0,2.0,pending,,,0.2526687473350086,,False
/content/drive/MyDrive/BDC2026/train/2_Organic/O_1636.jpg,3,2.0,2.0,pending,,,0.2534917195457531,,False
/content/drive/MyDrive/BDC2026/train/2_Organic/O_1869.jpg,1,2.0,2.0,pending,,,0.2538969316892842,,False
/content/drive/MyDrive/BDC2026/train/2_Organic/O_1801.jpg,3,2.0,2.0,pending,,,0.2546989871669378,,False
/content/drive/MyDrive/BDC2026/train/2_Organic/O_7293.jpg,3,2.0,2.0,pending,,,0.2619137565171188,,False
/content/drive/MyDrive/BDC2026/train/2_Organic/O_2298.jpg,1,2.0,2.0,pending,,,0.264176734719642,,False
/content/drive/MyDrive/BDC2026/train/2_Organic/O_5283.jpg,1,2.0,2.0,pending,,,0.2655293376400086,,False
/content/drive/MyDrive/BDC2026/train/2_Organic/O_8743.jpg,2,2.0,2.0,pending,,,0.2659550264642761,,False
/content/drive/MyDrive/BDC2026/train/2_Organic/O_9164.jpg,3,2.0,2.0,pending,,,0.2665523087573175,,False
/content/drive/MyDrive/BDC2026/train/2_Organic/O_260.jpg,4,2.0,2.0,pending,,,0.2700936725844163,,False
/content/drive/MyDrive/BDC2026/train/2_Organic/O_8877.jpg,0,2.0,2.0,pending,,,0.2717901708112189,,False
/content/drive/MyDrive/BDC2026/train/2_Organic/O_335.jpg,1,2.0,2.0,pending,,,0.2746619791855083,,False
/content/drive/MyDrive/BDC2026/train/2_Organic/O_558.jpg,3,2.0,2.0,pending,,,0.2805775840011748,,False
/content/drive/MyDrive/BDC2026/train/2_Organic/O_10358.jpg,4,2.0,2.0,pending,,,0.2878441396456617,,False
/content/drive/MyDrive/BDC2026/train/2_Organic/O_9202.jpg,0,2.0,2.0,pending,,,0.2884955880901057,,False
/content/drive/MyDrive/BDC2026/train/2_Organic/O_9579.jpg,1,2.0,2.0,pending,,,0.2906491519685267,,False
/content/drive/MyDrive/BDC2026/train/2_Organic/O_6763.jpg,0,2.0,2.0,pending,,,0.2937047427733562,,False
/content/drive/MyDrive/BDC2026/train/2_Organic/O_10514.jpg,4,2.0,2.0,pending,,,0.2949572111992888,,False
/content/drive/MyDrive/BDC2026/train/2_Organic/O_9101.jpg,0,2.0,2.0,pending,,,0.2960483509530597,,False
/content/drive/MyDrive/BDC2026/train/2_Organic/O_3729.jpg,1,2.0,2.0,pending,,,0.2976231065086956,,False
/content/drive/MyDrive/BDC2026/train/2_Organic/O_3718.jpg,2,2.0,2.0,pending,,,0.2980849887970951,,False
/content/drive/MyDrive/BDC2026/train/2_Organic/O_8914.jpg,2,2.0,2.0,pending,,,0.2984150797167769,,False
/content/drive/MyDrive/BDC2026/train/2_Organic/O_8681.jpg,4,2.0,2.0,pending,,,0.3038949535408088,,False
/content/drive/MyDrive/BDC2026/train/2_Organic/O_8774.jpg,0,2.0,2.0,pending,,,0.3085858545647338,,False
/content/drive/MyDrive/BDC2026/train/2_Organic/O_8759.jpg,2,2.0,2.0,pending,,,0.3102123488300293,,False
/content/drive/MyDrive/BDC2026/train/2_Organic/O_8984.jpg,2,2.0,2.0,pending,,,0.311296555461966,,False
/content/drive/MyDrive/BDC2026/train/2_Organic/O_9243.jpg,3,2.0,2.0,pending,,,0.3217403374056517,,False
/content/drive/MyDrive/BDC2026/train/2_Organic/O_640.jpg,4,2.0,2.0,pending,,,0.3226526149878809,,False
/content/drive/MyDrive/BDC2026/train/2_Organic/O_476.jpg,2,2.0,2.0,pending,,,0.3247187413072487,,False
/content/drive/MyDrive/BDC2026/train/2_Organic/O_5227.jpg,2,2.0,2.0,pending,,,0.3251226293140249,,False
/content/drive/MyDrive/BDC2026/train/2_Organic/O_6016.jpg,4,2.0,2.0,pending,,,0.3270851957272258,,False
/content/drive/MyDrive/BDC2026/train/2_Organic/O_5010.jpg,0,2.0,2.0,pending,,,0.3290389156092843,,False
/content/drive/MyDrive/BDC2026/train/2_Organic/O_8785.jpg,4,2.0,2.0,pending,,,0.3300273217757897,,False
/content/drive/MyDrive/BDC2026/train/2_Organic/O_3749.jpg,4,2.0,2.0,pending,,,0.3309993131248788,,False
/content/drive/MyDrive/BDC2026/train/2_Organic/O_9452.jpg,0,2.0,2.0,pending,,,0.3362689112474308,,False
/content/drive/MyDrive/BDC2026/train/2_Organic/O_6852.jpg,0,2.0,2.0,pending,,,0.3389806469209478,,False
/content/drive/MyDrive/BDC2026/train/2_Organic/O_3741.jpg,4,2.0,2.0,pending,,,0.340270955833672,,False
/content/drive/MyDrive/BDC2026/train/2_Organic/O_6229.jpg,4,2.0,2.0,pending,,,0.3453117608494314,,False
/content/drive/MyDrive/BDC2026/train/2_Organic/O_8927.jpg,0,2.0,2.0,pending,,,0.3499775901115432,,False
/content/drive/MyDrive/BDC2026/train/2_Organic/O_5993.jpg,2,2.0,2.0,pending,,,0.3563571526327528,,False
/content/drive/MyDrive/BDC2026/train/2_Organic/O_9340.jpg,2,2.0,2.0,pending,,,0.3576863766450887,,False
/content/drive/MyDrive/BDC2026/train/2_Organic/O_6679.jpg,3,2.0,2.0,pending,,,0.3687373233017965,,False
/content/drive/MyDrive/BDC2026/train/2_Organic/O_221.jpg,4,2.0,2.0,pending,,,0.369476097358638,,False
/content/drive/MyDrive/BDC2026/train/2_Organic/O_6789.jpg,1,2.0,2.0,pending,,,0.3716962212133595,,False
/content/drive/MyDrive/BDC2026/train/2_Organic/O_6740.jpg,1,2.0,2.0,pending,,,0.3778545901333568,,False
/content/drive/MyDrive/BDC2026/train/2_Organic/O_6807.jpg,4,2.0,2.0,pending,,,0.3800635815381561,,False
/content/drive/MyDrive/BDC2026/train/2_Organic/O_1984.jpg,4,2.0,2.0,pending,,,0.3842486349609252,,False
/content/drive/MyDrive/BDC2026/train/2_Organic/O_8777.jpg,4,2.0,2.0,pending,,,0.3943706839042753,,False
/content/drive/MyDrive/BDC2026/train/2_Organic/O_1564.jpg,2,2.0,2.0,pending,,,0.4058046692245909,,False
/content/drive/MyDrive/BDC2026/train/2_Organic/O_1494.jpg,2,2.0,2.0,pending,,,0.4072617826575572,,False
/content/drive/MyDrive/BDC2026/train/2_Organic/O_9286.jpg,4,2.0,2.0,pending,,,0.4084631770764747,,False
/content/drive/MyDrive/BDC2026/train/2_Organic/O_6641.jpg,2,2.0,2.0,pending,,,0.4205285074502197,,False
/content/drive/MyDrive/BDC2026/train/2_Organic/O_9753.jpg,0,2.0,2.0,pending,,,0.4267893677631287,,False
/content/drive/MyDrive/BDC2026/train/2_Organic/O_4998.jpg,2,2.0,2.0,pending,,,0.430966524202885,,False
/content/drive/MyDrive/BDC2026/train/2_Organic/O_1140.jpg,4,2.0,2.0,pending,,,0.4660351601645852,,False
/content/drive/MyDrive/BDC2026/train/2_Organic/O_615.jpg,3,2.0,2.0,pending,,,0.4737694030439446,,False
/content/drive/MyDrive/BDC2026/train/2_Organic/O_1730.jpg,0,2.0,2.0,pending,,,0.4764705673061526,,False
/content/drive/MyDrive/BDC2026/train/2_Organic/O_1858.jpg,0,2.0,2.0,pending,,,0.511064429661958,,False
/content/drive/MyDrive/BDC2026/train/2_Organic/O_1827.jpg,4,2.0,2.0,pending,,,0.5160750408561734,,False
/content/drive/MyDrive/BDC2026/train/2_Organic/O_5073.jpg,4,2.0,2.0,pending,,,0.5169470551431463,,False
/content/drive/MyDrive/BDC2026/train/2_Organic/O_5023.jpg,2,2.0,2.0,pending,,,0.5175166083607892,,False
/content/drive/MyDrive/BDC2026/train/2_Organic/O_6811.jpg,0,2.0,2.0,pending,,,0.5242677581624567,,False
/content/drive/MyDrive/BDC2026/train/2_Organic/O_6757.jpg,1,2.0,2.0,pending,,,0.5591300111416557,,False
/content/drive/MyDrive/BDC2026/train/2_Organic/O_9332.jpg,4,2.0,2.0,pending,,,0.5883953204345745,,False
/content/drive/MyDrive/BDC2026/train/2_Organic/O_603.jpg,3,2.0,2.0,pending,,,0.5992784258917616,,False
/content/drive/MyDrive/BDC2026/train/2_Organic/O_8924.jpg,0,2.0,2.0,pending,,,0.6108934590299301,,False
/content/drive/MyDrive/BDC2026/train/2_Organic/O_1625.jpg,1,2.0,2.0,pending,,,0.9805861989471165,0.009220575,
/content/drive/MyDrive/BDC2026/train/2_Organic/O_507.jpg,0,2.0,2.0,pending,,,0.984369157388984,0.006400617,
/content/drive/MyDrive/BDC2026/train/1_Electronic/16.TPA.png,1,1.0,1.0,pending,,,0.0351808877830107,,False
/content/drive/MyDrive/BDC2026/train/1_Electronic/pcb_141.jpg,0,1.0,1.0,pending,,,0.0412192395044725,,False
/content/drive/MyDrive/BDC2026/train/1_Electronic/66.E-Waste-An-Issue-of-Serious-Concern-@aura-emagazine.jpg,1,1.0,1.0,pending,,,0.0672634278963572,,False
/content/drive/MyDrive/BDC2026/train/1_Electronic/7.utama11.jpg,0,1.0,1.0,pending,,,0.0675042376171413,,False
/content/drive/MyDrive/BDC2026/train/1_Electronic/25.iron-1508237_1280.jpg,3,1.0,1.0,pending,,,0.0719053797953269,,False
/content/drive/MyDrive/BDC2026/train/1_Electronic/IMG_20201101_130043.jpg,0,1.0,1.0,pending,,,0.0813629486197061,,False
/content/drive/MyDrive/BDC2026/train/1_Electronic/pcb_77.jpg,2,1.0,1.0,pending,,,0.0869085357656698,,False
/content/drive/MyDrive/BDC2026/train/1_Electronic/battery_142.jpg,2,1.0,1.0,pending,,,0.1074224902198724,,False
/content/drive/MyDrive/BDC2026/train/1_Electronic/70.m0-02-1110x600-2307171500.jpg,0,1.0,1.0,pending,,,0.1255118952665591,,False
/content/drive/MyDrive/BDC2026/train/1_Electronic/Microwave_88.jpg,4,1.0,1.0,pending,,,0.1505922197513798,,False
/content/drive/MyDrive/BDC2026/train/1_Electronic/Keyboard_113.jpg,1,1.0,1.0,pending,,,0.1666416403192965,,False
/content/drive/MyDrive/BDC2026/train/1_Electronic/59.AdobeStock_500968458-800x250.jpeg,3,1.0,1.0,pending,,,0.20083081898837,,False
/content/drive/MyDrive/BDC2026/train/1_Electronic/pcb_78.jpg,2,1.0,1.0,pending,,,0.2273276765721753,,False
/content/drive/MyDrive/BDC2026/train/1_Electronic/Player_280.jpg,1,1.0,1.0,pending,,,0.2460197056253906,,False
/content/drive/MyDrive/BDC2026/train/1_Electronic/battery_148.jpg,0,1.0,1.0,pending,,,0.2556379762651378,,False
/content/drive/MyDrive/BDC2026/train/1_Electronic/17.men-ghana-sort-through-electronic-waste-agbogbloshi-440nw-9818412b.jpg,1,1.0,1.0,pending,,,0.2564436397207495,,False
/content/drive/MyDrive/BDC2026/train/1_Electronic/70.tpa-adalah-tempat-pemrosesan-akhir-bukan-tempat-pembuangan-akhir-39.jpg,3,1.0,1.0,pending,,,0.2619107810199944,,False
/content/drive/MyDrive/BDC2026/train/1_Electronic/Mouse_279.jpg,2,1.0,1.0,pending,,,0.2738870320610604,,False
/content/drive/MyDrive/BDC2026/train/1_Electronic/pcb_115.jpg,4,1.0,1.0,pending,,,0.2746386991500166,,False
/content/drive/MyDrive/BDC2026/train/1_Electronic/battery_195.jpg,4,1.0,1.0,pending,,,0.3147068748565114,,False
/content/drive/MyDrive/BDC2026/train/1_Electronic/Television_205.jpg,2,1.0,1.0,pending,,,0.3167709063024734,,False
/content/drive/MyDrive/BDC2026/train/1_Electronic/imagesdfgdff.jpg,2,1.0,1.0,pending,,,0.3888176029357188,,False
/content/drive/MyDrive/BDC2026/train/1_Electronic/Mouse_261.jpg,1,1.0,1.0,pending,,,0.4069899798271903,,False
/content/drive/MyDrive/BDC2026/train/1_Electronic/26.depositphotos_326846882-stock-photo-closeup-shot-of-a-broken.jpg,3,1.0,1.0,pending,,,0.4305567452792914,,False
/content/drive/MyDrive/BDC2026/train/1_Electronic/Player_282.jpg,2,1.0,1.0,pending,,,0.4377595089013227,,False
/content/drive/MyDrive/BDC2026/train/1_Electronic/Keyboard_289.jpg,3,1.0,1.0,pending,,,0.4379938862238708,,False
/content/drive/MyDrive/BDC2026/train/1_Electronic/Player_206.jpg,4,1.0,1.0,pending,,,0.4387199885830746,,False
/content/drive/MyDrive/BDC2026/train/1_Electronic/17.Fines-Zorba-product-after-STEINERT-EddyC.jpg,2,1.0,1.0,pending,,,0.4471938265766852,,False
/content/drive/MyDrive/BDC2026/train/1_Electronic/16.943306_720.jpg,0,1.0,1.0,pending,,,0.4710738990606899,,False
/content/drive/MyDrive/BDC2026/train/1_Electronic/Washing_Machine_224.jpg,4,1.0,1.0,pending,,,0.4952853638413437,,False
/content/drive/MyDrive/BDC2026/train/1_Electronic/Keyboard_46.jpg,3,1.0,1.0,pending,,,0.4977110954458133,,False
/content/drive/MyDrive/BDC2026/train/1_Electronic/battery_95.jpg,3,1.0,1.0,pending,,,0.4985351287815508,,False
/content/drive/MyDrive/BDC2026/train/1_Electronic/Keyboard_121.jpg,3,1.0,1.0,pending,,,0.5110958143064607,,False
/content/drive/MyDrive/BDC2026/train/1_Electronic/Mouse_160.jpg,4,1.0,1.0,pending,,,0.5166096381690827,,False
/content/drive/MyDrive/BDC2026/train/1_Electronic/Microwave_163.jpg,4,1.0,1.0,pending,,,0.5878737913574135,,False
/content/drive/MyDrive/BDC2026/train/1_Electronic/Printer_29.jpg,0,1.0,1.0,pending,,,0.5991917603575823,,False
/content/drive/MyDrive/BDC2026/train/1_Electronic/Mouse_243.jpg,0,1.0,1.0,pending,,,0.0635224069274225,,False
/content/drive/MyDrive/BDC2026/train/1_Electronic/pcb_171.jpg,1,1.0,1.0,pending,,,0.0723448743044224,,False
/content/drive/MyDrive/BDC2026/train/1_Electronic/hq720.jpg,1,1.0,1.0,pending,,,0.1719591256975381,,False
/content/drive/MyDrive/BDC2026/train/1_Electronic/69.electronics---small-heap-of-mixed-electronic_zedbxcgf_8_ws.jpg,1,1.0,1.0,pending,,,0.0654670023335571,,False
/content/drive/MyDrive/BDC2026/train/1_Electronic/6.20170119155741-intip-pusat-pemusnahan-limbah-elektronik-di-jepang-001-dru.jpg,3,1.0,1.0,pending,,,0.0928372352419475,,False
/content/drive/MyDrive/BDC2026/train/1_Electronic/64.hq720.jpg,4,1.0,1.0,pending,,,0.1042864133172165,,False
/content/drive/MyDrive/BDC2026/train/1_Electronic/18.pasar-loak-astana-anyar.jpg,1,1.0,1.0,pending,,,0.1166903182218547,,False
/content/drive/MyDrive/BDC2026/train/1_Electronic/pcb_137.jpg,2,1.0,1.0,pending,,,0.1610648492404058,,False
/content/drive/MyDrive/BDC2026/train/1_Electronic/Washing_Machine_287.jpg,4,1.0,1.0,pending,,,0.1923339545189891,,False
/content/drive/MyDrive/BDC2026/train/1_Electronic/35.e-waste-pickup1-300x200.png,3,1.0,1.0,pending,,,0.278499424750466,,False
/content/drive/MyDrive/BDC2026/train/1_Electronic/67.waste-400x250-1.jpg,0,1.0,1.0,pending,,,0.3452565788776208,,False
/content/drive/MyDrive/BDC2026/train/1_Electronic/pcb_146.jpg,0,1.0,1.0,pending,,,0.3482647274267437,,False
/content/drive/MyDrive/BDC2026/train/1_Electronic/10.shutterstock_2462286095.jpg,1,1.0,1.0,pending,,,0.4549471331656348,,False
/content/drive/MyDrive/BDC2026/train/2_Organic/O_1676.jpg,0,2.0,2.0,pending,,,0.012718018791672,,False
/content/drive/MyDrive/BDC2026/train/2_Organic/O_6238.jpg,3,2.0,2.0,pending,,,0.0127523365661735,,False
/content/drive/MyDrive/BDC2026/train/2_Organic/O_1924.jpg,4,2.0,2.0,pending,,,0.0185537806721897,,False
/content/drive/MyDrive/BDC2026/train/2_Organic/O_9440.jpg,1,2.0,2.0,pending,,,0.0464967926212899,,False
/content/drive/MyDrive/BDC2026/train/2_Organic/O_6751.jpg,3,2.0,2.0,pending,,,0.0775578954033885,,False
/content/drive/MyDrive/BDC2026/train/2_Organic/O_359.jpg,2,2.0,2.0,pending,,,0.2622307695542284,,False
/content/drive/MyDrive/BDC2026/train/2_Organic/O_10092.jpg,3,2.0,2.0,pending,,,0.2849465337887041,,False
/content/drive/MyDrive/BDC2026/train/2_Organic/O_9224.jpg,1,2.0,2.0,pending,,,0.3045938630082997,,False
/content/drive/MyDrive/BDC2026/train/2_Organic/O_6800.jpg,1,2.0,2.0,pending,,,0.3273503249891492,,False
/content/drive/MyDrive/BDC2026/train/2_Organic/O_6818.jpg,0,2.0,2.0,pending,,,0.3822115802218376,,False
/content/drive/MyDrive/BDC2026/train/2_Organic/O_1639.jpg,2,2.0,2.0,pending,,,0.5432620915998255,,False
/content/drive/MyDrive/BDC2026/train/2_Organic/O_9213.jpg,3,2.0,2.0,pending,,,0.0007162972936687,,False
/content/drive/MyDrive/BDC2026/train/2_Organic/O_1313.jpg,1,2.0,2.0,pending,,,0.0030217555315569,,False
/content/drive/MyDrive/BDC2026/train/2_Organic/O_8728.jpg,2,2.0,2.0,pending,,,0.0072084707056859,,False
/content/drive/MyDrive/BDC2026/train/2_Organic/O_9052.jpg,3,2.0,2.0,pending,,,0.0088543921066519,,False
/content/drive/MyDrive/BDC2026/train/2_Organic/O_8912.jpg,4,2.0,2.0,pending,,,0.0118292962908078,,False
/content/drive/MyDrive/BDC2026/train/2_Organic/O_9277.jpg,4,2.0,2.0,pending,,,0.0124300903467563,,False
/content/drive/MyDrive/BDC2026/train/2_Organic/O_5017.jpg,1,2.0,2.0,pending,,,0.0131867283686759,,False
/content/drive/MyDrive/BDC2026/train/2_Organic/O_6109.jpg,3,2.0,2.0,pending,,,0.0133492054890496,,False
/content/drive/MyDrive/BDC2026/train/2_Organic/O_6210.jpg,2,2.0,2.0,pending,,,0.0140187175330401,,False
/content/drive/MyDrive/BDC2026/train/2_Organic/O_1272.jpg,0,2.0,2.0,pending,,,0.0150615502689434,,False
/content/drive/MyDrive/BDC2026/train/2_Organic/O_9315.jpg,0,2.0,2.0,pending,,,0.0205609056457423,,False
/content/drive/MyDrive/BDC2026/train/2_Organic/O_4209.jpg,3,2.0,2.0,pending,,,0.0235467698833082,,False
/content/drive/MyDrive/BDC2026/train/2_Organic/O_8767.jpg,3,2.0,2.0,pending,,,0.0256466778501762,,False
/content/drive/MyDrive/BDC2026/train/2_Organic/O_1713.jpg,3,2.0,2.0,pending,,,0.0341914982977774,,False
/content/drive/MyDrive/BDC2026/train/2_Organic/O_6755.jpg,2,2.0,2.0,pending,,,0.0344291727922171,,False
/content/drive/MyDrive/BDC2026/train/2_Organic/O_8578.jpg,2,2.0,2.0,pending,,,0.0405104899395989,,False
/content/drive/MyDrive/BDC2026/train/2_Organic/O_6212.jpg,2,2.0,2.0,pending,,,0.041944148598879,,False
/content/drive/MyDrive/BDC2026/train/2_Organic/O_9629.jpg,4,2.0,2.0,pending,,,0.0437388911675946,,False
/content/drive/MyDrive/BDC2026/train/2_Organic/O_8717.jpg,1,2.0,2.0,pending,,,0.0450961106825612,,False
/content/drive/MyDrive/BDC2026/train/2_Organic/O_8896.jpg,2,2.0,2.0,pending,,,0.0478058590472615,,False
/content/drive/MyDrive/BDC2026/train/2_Organic/O_6279.jpg,4,2.0,2.0,pending,,,0.049192361245863,,False
/content/drive/MyDrive/BDC2026/train/2_Organic/O_8820.jpg,4,2.0,2.0,pending,,,0.0508857210102307,,False
/content/drive/MyDrive/BDC2026/train/2_Organic/O_11255.jpg,2,2.0,2.0,pending,,,0.0529229969721421,,False
/content/drive/MyDrive/BDC2026/train/2_Organic/O_261.jpg,3,2.0,2.0,pending,,,0.0549999363376746,,False
/content/drive/MyDrive/BDC2026/train/2_Organic/O_6836.jpg,0,2.0,2.0,pending,,,0.0555978876710575,,False
/content/drive/MyDrive/BDC2026/train/2_Organic/O_6820.jpg,0,2.0,2.0,pending,,,0.0557940371819421,,False
/content/drive/MyDrive/BDC2026/train/2_Organic/O_9043.jpg,3,2.0,2.0,pending,,,0.0581087574943881,,False
/content/drive/MyDrive/BDC2026/train/2_Organic/O_434.jpg,3,2.0,2.0,pending,,,0.0601833953583424,,False
/content/drive/MyDrive/BDC2026/train/2_Organic/O_6652.jpg,2,2.0,2.0,pending,,,0.0604933006131511,,False
/content/drive/MyDrive/BDC2026/train/2_Organic/O_6649.jpg,4,2.0,2.0,pending,,,0.0612764838335337,,False
/content/drive/MyDrive/BDC2026/train/2_Organic/O_6685.jpg,3,2.0,2.0,pending,,,0.0623386695623638,,False
/content/drive/MyDrive/BDC2026/train/2_Organic/O_1957.jpg,1,2.0,2.0,pending,,,0.0623741144820111,,False
/content/drive/MyDrive/BDC2026/train/2_Organic/O_9201.jpg,4,2.0,2.0,pending,,,0.0625465829717316,,False
/content/drive/MyDrive/BDC2026/train/2_Organic/O_5981.jpg,3,2.0,2.0,pending,,,0.0627481238553117,,False
/content/drive/MyDrive/BDC2026/train/2_Organic/O_1650.jpg,4,2.0,2.0,pending,,,0.0636916321580562,,False
/content/drive/MyDrive/BDC2026/train/2_Organic/O_10435.jpg,4,2.0,2.0,pending,,,0.0643174584527942,,False
/content/drive/MyDrive/BDC2026/train/2_Organic/O_10400.jpg,4,2.0,2.0,pending,,,0.0694748801034783,,False
/content/drive/MyDrive/BDC2026/train/2_Organic/O_1877.jpg,0,2.0,2.0,pending,,,0.0709566121226687,,False
/content/drive/MyDrive/BDC2026/train/2_Organic/O_1886.jpg,1,2.0,2.0,pending,,,0.0711295674291364,,False
/content/drive/MyDrive/BDC2026/train/2_Organic/O_3381.jpg,4,2.0,2.0,pending,,,0.0779957015346317,,False
/content/drive/MyDrive/BDC2026/train/2_Organic/O_9559.jpg,2,2.0,2.0,pending,,,0.0797108617329088,,False
/content/drive/MyDrive/BDC2026/train/2_Organic/O_8911.jpg,3,2.0,2.0,pending,,,0.0799072492439127,,False
/content/drive/MyDrive/BDC2026/train/2_Organic/O_8910.jpg,4,2.0,2.0,pending,,,0.0826385962770909,,False
/content/drive/MyDrive/BDC2026/train/2_Organic/O_3957.jpg,4,2.0,2.0,pending,,,0.0837246935962647,,False
/content/drive/MyDrive/BDC2026/train/2_Organic/O_4167.jpg,3,2.0,2.0,pending,,,0.0842716322675458,,False
/content/drive/MyDrive/BDC2026/train/2_Organic/O_506.jpg,3,2.0,2.0,pending,,,0.0889343666373727,,False
/content/drive/MyDrive/BDC2026/train/2_Organic/O_10010.jpg,3,2.0,2.0,pending,,,0.0902707369755118,,False
/content/drive/MyDrive/BDC2026/train/2_Organic/O_9032.jpg,2,2.0,2.0,pending,,,0.0904074542428652,,False
/content/drive/MyDrive/BDC2026/train/2_Organic/O_6853.jpg,4,2.0,2.0,pending,,,0.0907635734955811,,False
/content/drive/MyDrive/BDC2026/train/2_Organic/O_6640.jpg,3,2.0,2.0,pending,,,0.0909665415382586,,False
/content/drive/MyDrive/BDC2026/train/2_Organic/O_4764.jpg,3,2.0,2.0,pending,,,0.0922283353382224,,False
/content/drive/MyDrive/BDC2026/train/2_Organic/O_430.jpg,1,2.0,2.0,pending,,,0.0949006258264123,,False
/content/drive/MyDrive/BDC2026/train/2_Organic/O_5347.jpg,2,2.0,2.0,pending,,,0.0951368251289081,,False
/content/drive/MyDrive/BDC2026/train/2_Organic/O_6665.jpg,0,2.0,2.0,pending,,,0.0968693322353755,,False
/content/drive/MyDrive/BDC2026/train/2_Organic/O_8167.jpg,1,2.0,2.0,pending,,,0.0974101732475055,,False
/content/drive/MyDrive/BDC2026/train/2_Organic/O_436.jpg,2,2.0,2.0,pending,,,0.1034680614338856,,False
/content/drive/MyDrive/BDC2026/train/2_Organic/O_7995.jpg,3,2.0,2.0,pending,,,0.1039033179825626,,False
/content/drive/MyDrive/BDC2026/train/2_Organic/O_6014.jpg,4,2.0,2.0,pending,,,0.1040122104809238,,False
/content/drive/MyDrive/BDC2026/train/2_Organic/O_8609.jpg,3,2.0,2.0,pending,,,0.1043513052378301,,False
/content/drive/MyDrive/BDC2026/train/2_Organic/O_6645.jpg,2,2.0,2.0,pending,,,0.1045329804947929,,False
/content/drive/MyDrive/BDC2026/train/2_Organic/O_8810.jpg,4,2.0,2.0,pending,,,0.1050902266588449,,False
/content/drive/MyDrive/BDC2026/train/2_Organic/O_1672.jpg,0,2.0,2.0,pending,,,0.1067798952069079,,False
/content/drive/MyDrive/BDC2026/train/2_Organic/O_9331.jpg,4,2.0,2.0,pending,,,0.1074914178063015,,False
/content/drive/MyDrive/BDC2026/train/2_Organic/O_4012.jpg,3,2.0,2.0,pending,,,0.1075438251904598,,False
/content/drive/MyDrive/BDC2026/train/2_Organic/O_8768.jpg,4,2.0,2.0,pending,,,0.1081617074682651,,False
/content/drive/MyDrive/BDC2026/train/2_Organic/O_415.jpg,1,2.0,2.0,pending,,,0.1125400464434531,,False
/content/drive/MyDrive/BDC2026/train/2_Organic/O_8692.jpg,2,2.0,2.0,pending,,,0.1136122730499197,,False
/content/drive/MyDrive/BDC2026/train/2_Organic/O_7636.jpg,4,2.0,2.0,pending,,,0.1140548475628815,,False
/content/drive/MyDrive/BDC2026/train/2_Organic/O_6546.jpg,3,2.0,2.0,pending,,,0.1159529660513196,,False
/content/drive/MyDrive/BDC2026/train/2_Organic/O_5806.jpg,4,2.0,2.0,pending,,,0.1173391873303822,,False
/content/drive/MyDrive/BDC2026/train/2_Organic/O_8840.jpg,1,2.0,2.0,pending,,,0.1180451787320566,,False
/content/drive/MyDrive/BDC2026/train/2_Organic/O_10056.jpg,4,2.0,2.0,pending,,,0.1198130097124365,,False
/content/drive/MyDrive/BDC2026/train/2_Organic/O_1831.jpg,2,2.0,2.0,pending,,,0.1213720260528118,,False
/content/drive/MyDrive/BDC2026/train/2_Organic/O_2233.jpg,2,2.0,2.0,pending,,,0.1242672130259829,,False
/content/drive/MyDrive/BDC2026/train/2_Organic/O_7211.jpg,3,2.0,2.0,pending,,,0.1251559382550557,,False
/content/drive/MyDrive/BDC2026/train/2_Organic/O_616.jpg,0,2.0,2.0,pending,,,0.1256345951536233,,False
/content/drive/MyDrive/BDC2026/train/2_Organic/O_5591.jpg,3,2.0,2.0,pending,,,0.1296491850963788,,False
/content/drive/MyDrive/BDC2026/train/2_Organic/O_6697.jpg,0,2.0,2.0,pending,,,0.1298631938846987,,False
/content/drive/MyDrive/BDC2026/train/2_Organic/O_1901.jpg,1,2.0,2.0,pending,,,0.1301490562398599,,False
/content/drive/MyDrive/BDC2026/train/2_Organic/O_9936.jpg,3,2.0,2.0,pending,,,0.1309690978354193,,False
/content/drive/MyDrive/BDC2026/train/2_Organic/O_9193.jpg,0,2.0,2.0,pending,,,0.1343237022658731,,False
/content/drive/MyDrive/BDC2026/train/2_Organic/O_10274.jpg,1,2.0,2.0,pending,,,0.1345827892417633,,False
/content/drive/MyDrive/BDC2026/train/2_Organic/O_3185.jpg,2,2.0,2.0,pending,,,0.1370344603716207,,False
/content/drive/MyDrive/BDC2026/train/2_Organic/O_5679.jpg,3,2.0,2.0,pending,,,0.137524268554337,,False
/content/drive/MyDrive/BDC2026/train/2_Organic/O_2501.jpg,3,2.0,2.0,pending,,,0.137524268554337,,False
/content/drive/MyDrive/BDC2026/train/2_Organic/O_7594.jpg,0,2.0,2.0,pending,,,0.1525118767016024,,False
/content/drive/MyDrive/BDC2026/train/2_Organic/O_9204.jpg,3,2.0,2.0,pending,,,0.1540635900456873,,False
/content/drive/MyDrive/BDC2026/train/2_Organic/O_9798.jpg,3,2.0,2.0,pending,,,0.1583023812408327,,False
/content/drive/MyDrive/BDC2026/train/2_Organic/O_528.jpg,1,2.0,2.0,pending,,,0.1631000277011633,,False
/content/drive/MyDrive/BDC2026/train/2_Organic/O_2359.jpg,0,2.0,2.0,pending,,,0.1679624894217339,,False
/content/drive/MyDrive/BDC2026/train/2_Organic/O_8948.jpg,1,2.0,2.0,pending,,,0.1693777900141779,,False
/content/drive/MyDrive/BDC2026/train/2_Organic/O_3417.jpg,2,2.0,2.0,pending,,,0.1695661562063473,,False
/content/drive/MyDrive/BDC2026/train/2_Organic/O_1644.jpg,0,2.0,2.0,pending,,,0.1728042841284985,,False
/content/drive/MyDrive/BDC2026/train/2_Organic/O_9028.jpg,4,2.0,2.0,pending,,,0.1743416678394964,,False
/content/drive/MyDrive/BDC2026/train/2_Organic/O_9321.jpg,1,2.0,2.0,pending,,,0.177134023864436,,False
/content/drive/MyDrive/BDC2026/train/2_Organic/O_1982.jpg,0,2.0,2.0,pending,,,0.1776377797745573,,False
/content/drive/MyDrive/BDC2026/train/2_Organic/O_9326.jpg,4,2.0,2.0,pending,,,0.1784304247065365,,False
/content/drive/MyDrive/BDC2026/train/2_Organic/O_9477.jpg,2,2.0,2.0,pending,,,0.1793368632106033,,False
/content/drive/MyDrive/BDC2026/train/2_Organic/O_9311.jpg,2,2.0,2.0,pending,,,0.1821400704566193,,False
/content/drive/MyDrive/BDC2026/train/2_Organic/O_9068.jpg,0,2.0,2.0,pending,,,0.1822669428387249,,False
/content/drive/MyDrive/BDC2026/train/2_Organic/O_9319.jpg,0,2.0,2.0,pending,,,0.1848230261575816,,False
/content/drive/MyDrive/BDC2026/train/2_Organic/O_9132.jpg,2,2.0,2.0,pending,,,0.1871792866474909,,False
/content/drive/MyDrive/BDC2026/train/2_Organic/O_9227.jpg,0,2.0,2.0,pending,,,0.1889685812034612,,False
/content/drive/MyDrive/BDC2026/train/2_Organic/O_7701.jpg,1,2.0,2.0,pending,,,0.189027366301388,,False
/content/drive/MyDrive/BDC2026/train/2_Organic/O_938.jpg,1,2.0,2.0,pending,,,0.1893186407111159,,False
/content/drive/MyDrive/BDC2026/train/2_Organic/O_9746.jpg,0,2.0,2.0,pending,,,0.1904161824500974,,False
/content/drive/MyDrive/BDC2026/train/2_Organic/O_8807.jpg,3,2.0,2.0,pending,,,0.1917581763549301,,False
/content/drive/MyDrive/BDC2026/train/2_Organic/O_7284.jpg,4,2.0,2.0,pending,,,0.1931623913536406,,False
/content/drive/MyDrive/BDC2026/train/2_Organic/O_5259.jpg,1,2.0,2.0,pending,,,0.196867253121415,,False
/content/drive/MyDrive/BDC2026/train/2_Organic/O_5165.jpg,0,2.0,2.0,pending,,,0.1988648777046976,,False
/content/drive/MyDrive/BDC2026/train/2_Organic/O_1926.jpg,3,2.0,2.0,pending,,,0.2004587590750373,,False
/content/drive/MyDrive/BDC2026/train/2_Organic/O_10037.jpg,3,2.0,2.0,pending,,,0.200865418553048,,False
/content/drive/MyDrive/BDC2026/train/2_Organic/O_8172.jpg,0,2.0,2.0,pending,,,0.2018442115509625,,False
/content/drive/MyDrive/BDC2026/train/2_Organic/O_6876.jpg,1,2.0,2.0,pending,,,0.2040071837703731,,False
/content/drive/MyDrive/BDC2026/train/2_Organic/O_9177.jpg,1,2.0,2.0,pending,,,0.2040371644045189,,False
/content/drive/MyDrive/BDC2026/train/2_Organic/O_4952.jpg,2,2.0,2.0,pending,,,0.2051013100235541,,False
/content/drive/MyDrive/BDC2026/train/2_Organic/O_1806.jpg,2,2.0,2.0,pending,,,0.205588393120302,,False
/content/drive/MyDrive/BDC2026/train/2_Organic/O_8836.jpg,4,2.0,2.0,pending,,,0.2102778413564163,,False
/content/drive/MyDrive/BDC2026/train/2_Organic/O_8832.jpg,3,2.0,2.0,pending,,,0.2122004628628797,,False
/content/drive/MyDrive/BDC2026/train/2_Organic/O_7769.jpg,0,2.0,2.0,pending,,,0.2140923009691154,,False
/content/drive/MyDrive/BDC2026/train/2_Organic/O_6127.jpg,1,2.0,2.0,pending,,,0.2147766002890792,,False
/content/drive/MyDrive/BDC2026/train/2_Organic/O_5491.jpg,0,2.0,2.0,pending,,,0.2163870647645059,,False
/content/drive/MyDrive/BDC2026/train/2_Organic/O_7998.jpg,1,2.0,2.0,pending,,,0.2167961162958346,,False
/content/drive/MyDrive/BDC2026/train/2_Organic/O_8702.jpg,1,2.0,2.0,pending,,,0.2171534714128265,,False
/content/drive/MyDrive/BDC2026/train/2_Organic/O_6806.jpg,4,2.0,2.0,pending,,,0.2177759105741391,,False
/content/drive/MyDrive/BDC2026/train/2_Organic/O_4611.jpg,4,2.0,2.0,pending,,,0.2182935628932664,,False
/content/drive/MyDrive/BDC2026/train/2_Organic/O_9381.jpg,3,2.0,2.0,pending,,,0.2208001343311411,,False
/content/drive/MyDrive/BDC2026/train/2_Organic/O_7243.jpg,1,2.0,2.0,pending,,,0.2237051276253705,,False
/content/drive/MyDrive/BDC2026/train/2_Organic/O_582.jpg,0,2.0,2.0,pending,,,0.225040935620724,,False
/content/drive/MyDrive/BDC2026/train/2_Organic/O_431.jpg,4,2.0,2.0,pending,,,0.2254285539874344,,False
/content/drive/MyDrive/BDC2026/train/2_Organic/O_9307.jpg,4,2.0,2.0,pending,,,0.2259415502765787,,False
/content/drive/MyDrive/BDC2026/train/2_Organic/O_5051.jpg,1,2.0,2.0,pending,,,0.226719148358939,,False
/content/drive/MyDrive/BDC2026/train/2_Organic/O_9781.jpg,0,2.0,2.0,pending,,,0.2269590789548305,,False
/content/drive/MyDrive/BDC2026/train/2_Organic/O_8746.jpg,4,2.0,2.0,pending,,,0.2294192630315111,,False
/content/drive/MyDrive/BDC2026/train/2_Organic/O_9137.jpg,0,2.0,2.0,pending,,,0.2313173022638243,,False
/content/drive/MyDrive/BDC2026/train/2_Organic/O_9298.jpg,4,2.0,2.0,pending,,,0.2316514879519631,,False
/content/drive/MyDrive/BDC2026/train/2_Organic/O_4263.jpg,1,2.0,2.0,pending,,,0.2332712900485846,,False
/content/drive/MyDrive/BDC2026/train/2_Organic/O_6869.jpg,2,2.0,2.0,pending,,,0.2365087857600192,,False
/content/drive/MyDrive/BDC2026/train/2_Organic/O_8633.jpg,2,2.0,2.0,pending,,,0.2394818170965289,,False
/content/drive/MyDrive/BDC2026/train/2_Organic/O_8620.jpg,2,2.0,2.0,pending,,,0.2429329126640448,,False
/content/drive/MyDrive/BDC2026/train/2_Organic/O_7638.jpg,0,2.0,2.0,pending,,,0.2429796391597245,,False
/content/drive/MyDrive/BDC2026/train/2_Organic/O_8852.jpg,3,2.0,2.0,pending,,,0.2436333119538392,,False
/content/drive/MyDrive/BDC2026/train/2_Organic/O_3055.jpg,2,2.0,2.0,pending,,,0.2480018047005229,,False
/content/drive/MyDrive/BDC2026/train/2_Organic/O_8882.jpg,1,2.0,2.0,pending,,,0.2542336541939057,,False
/content/drive/MyDrive/BDC2026/train/2_Organic/O_5374.jpg,1,2.0,2.0,pending,,,0.2574575608282595,,False
/content/drive/MyDrive/BDC2026/train/2_Organic/O_9251.jpg,2,2.0,2.0,pending,,,0.2583635157878987,,False
/content/drive/MyDrive/BDC2026/train/2_Organic/O_9237.jpg,4,2.0,2.0,pending,,,0.2589589343335302,,False
/content/drive/MyDrive/BDC2026/train/2_Organic/O_9020.jpg,4,2.0,2.0,pending,,,0.2589668303736889,,False
/content/drive/MyDrive/BDC2026/train/2_Organic/O_1743.jpg,4,2.0,2.0,pending,,,0.2602938026994235,,False
/content/drive/MyDrive/BDC2026/train/2_Organic/O_1576.jpg,4,2.0,2.0,pending,,,0.2605934797376824,,False
/content/drive/MyDrive/BDC2026/train/2_Organic/O_6114.jpg,0,2.0,2.0,pending,,,0.2609445664200141,,False
/content/drive/MyDrive/BDC2026/train/2_Organic/O_8975.jpg,1,2.0,2.0,pending,,,0.2620624807598661,,False
/content/drive/MyDrive/BDC2026/train/2_Organic/O_6099.jpg,2,2.0,2.0,pending,,,0.2621817726996697,,False
/content/drive/MyDrive/BDC2026/train/2_Organic/O_8677.jpg,0,2.0,2.0,pending,,,0.2662650754762251,,False
/content/drive/MyDrive/BDC2026/train/2_Organic/O_4844.jpg,2,2.0,2.0,pending,,,0.2670332319627433,,False
/content/drive/MyDrive/BDC2026/train/2_Organic/O_172.jpg,4,2.0,2.0,pending,,,0.2783152686258794,,False
/content/drive/MyDrive/BDC2026/train/2_Organic/O_5938.jpg,0,2.0,2.0,pending,,,0.2786306949734995,,False
/content/drive/MyDrive/BDC2026/train/2_Organic/O_6698.jpg,0,2.0,2.0,pending,,,0.2793757930698322,,False
/content/drive/MyDrive/BDC2026/train/2_Organic/O_8433.jpg,2,2.0,2.0,pending,,,0.2804889541735156,,False
/content/drive/MyDrive/BDC2026/train/2_Organic/O_162.jpg,3,2.0,2.0,pending,,,0.2817372892304076,,False
/content/drive/MyDrive/BDC2026/train/2_Organic/O_3662.jpg,3,2.0,2.0,pending,,,0.2818234054879452,,False
/content/drive/MyDrive/BDC2026/train/2_Organic/O_6817.jpg,1,2.0,2.0,pending,,,0.2830826388602892,,False
/content/drive/MyDrive/BDC2026/train/2_Organic/O_9023.jpg,0,2.0,2.0,pending,,,0.2834166364232303,,False
/content/drive/MyDrive/BDC2026/train/2_Organic/O_12101.jpg,2,2.0,2.0,pending,,,0.2843533459850884,,False
/content/drive/MyDrive/BDC2026/train/2_Organic/O_9086.jpg,0,2.0,2.0,pending,,,0.2855820432910697,,False
/content/drive/MyDrive/BDC2026/train/2_Organic/O_5714.jpg,2,2.0,2.0,pending,,,0.2876701518011378,,False
/content/drive/MyDrive/BDC2026/train/2_Organic/O_6700.jpg,2,2.0,2.0,pending,,,0.2879056992426609,,False
/content/drive/MyDrive/BDC2026/train/2_Organic/O_6209.jpg,4,2.0,2.0,pending,,,0.2890646433756099,,False
/content/drive/MyDrive/BDC2026/train/2_Organic/O_5112.jpg,0,2.0,2.0,pending,,,0.2896137186084618,,False
/content/drive/MyDrive/BDC2026/train/2_Organic/O_8612.jpg,4,2.0,2.0,pending,,,0.2901648432605277,,False
/content/drive/MyDrive/BDC2026/train/2_Organic/O_6762.jpg,0,2.0,2.0,pending,,,0.2916636117437383,,False
/content/drive/MyDrive/BDC2026/train/2_Organic/O_3540.jpg,3,2.0,2.0,pending,,,0.2924640270771539,,False
/content/drive/MyDrive/BDC2026/train/2_Organic/O_9337.jpg,4,2.0,2.0,pending,,,0.2926914918629872,,False
/content/drive/MyDrive/BDC2026/train/2_Organic/O_8909.jpg,3,2.0,2.0,pending,,,0.2929578517501914,,False
/content/drive/MyDrive/BDC2026/train/2_Organic/O_4297.jpg,1,2.0,2.0,pending,,,0.295507138596577,,False
/content/drive/MyDrive/BDC2026/train/2_Organic/O_4168.jpg,0,2.0,2.0,pending,,,0.2983449755896294,,False
/content/drive/MyDrive/BDC2026/train/2_Organic/O_9820.jpg,4,2.0,2.0,pending,,,0.2997863040106219,,False
/content/drive/MyDrive/BDC2026/train/2_Organic/O_12035.jpg,1,2.0,2.0,pending,,,0.3001830027852758,,False
/content/drive/MyDrive/BDC2026/train/2_Organic/O_355.jpg,0,2.0,2.0,pending,,,0.3011368337128884,,False
/content/drive/MyDrive/BDC2026/train/2_Organic/O_3139.jpg,2,2.0,2.0,pending,,,0.3021535353816166,,False
/content/drive/MyDrive/BDC2026/train/2_Organic/O_5904.jpg,2,2.0,2.0,pending,,,0.3023626783899296,,False
/content/drive/MyDrive/BDC2026/train/2_Organic/O_8918.jpg,3,2.0,2.0,pending,,,0.3033121672165421,,False
/content/drive/MyDrive/BDC2026/train/2_Organic/O_361.jpg,2,2.0,2.0,pending,,,0.3042680677994979,,False
/content/drive/MyDrive/BDC2026/train/2_Organic/O_9596.jpg,2,2.0,2.0,pending,,,0.30528151789382,,False
/content/drive/MyDrive/BDC2026/train/2_Organic/O_5335.jpg,2,2.0,2.0,pending,,,0.3079107576467657,,False
/content/drive/MyDrive/BDC2026/train/2_Organic/O_2900.jpg,0,2.0,2.0,pending,,,0.3103242443987459,,False
/content/drive/MyDrive/BDC2026/train/2_Organic/O_4388.jpg,2,2.0,2.0,pending,,,0.3112886898969444,,False
/content/drive/MyDrive/BDC2026/train/2_Organic/O_3226.jpg,3,2.0,2.0,pending,,,0.3151615055549544,,False
/content/drive/MyDrive/BDC2026/train/2_Organic/O_8790.jpg,3,2.0,2.0,pending,,,0.3151761719705289,,False
/content/drive/MyDrive/BDC2026/train/2_Organic/O_8808.jpg,3,2.0,2.0,pending,,,0.315540306251903,,False
/content/drive/MyDrive/BDC2026/train/2_Organic/O_9615.jpg,4,2.0,2.0,pending,,,0.3178430148697291,,False
/content/drive/MyDrive/BDC2026/train/2_Organic/O_9192.jpg,1,2.0,2.0,pending,,,0.3184222715338918,,False
/content/drive/MyDrive/BDC2026/train/2_Organic/O_9391.jpg,1,2.0,2.0,pending,,,0.3204720613393169,,False
/content/drive/MyDrive/BDC2026/train/2_Organic/O_8972.jpg,3,2.0,2.0,pending,,,0.3209144068042952,,False
/content/drive/MyDrive/BDC2026/train/2_Organic/O_5367.jpg,4,2.0,2.0,pending,,,0.3224289252428967,,False
/content/drive/MyDrive/BDC2026/train/2_Organic/O_406.jpg,1,2.0,2.0,pending,,,0.3227045332239514,,False
/content/drive/MyDrive/BDC2026/train/2_Organic/O_289.jpg,4,2.0,2.0,pending,,,0.3234805296835509,,False
/content/drive/MyDrive/BDC2026/train/2_Organic/O_5427.jpg,4,2.0,2.0,pending,,,0.3249823112965677,,False
/content/drive/MyDrive/BDC2026/train/2_Organic/O_3635.jpg,2,2.0,2.0,pending,,,0.3276482874914473,,False
/content/drive/MyDrive/BDC2026/train/2_Organic/O_5567.jpg,0,2.0,2.0,pending,,,0.3301436193681467,,False
/content/drive/MyDrive/BDC2026/train/2_Organic/O_3468.jpg,0,2.0,2.0,pending,,,0.3320780452586663,,False
/content/drive/MyDrive/BDC2026/train/2_Organic/O_8866.jpg,0,2.0,2.0,pending,,,0.3344804606656608,,False
/content/drive/MyDrive/BDC2026/train/2_Organic/O_8658.jpg,4,2.0,2.0,pending,,,0.3357084326452325,,False
/content/drive/MyDrive/BDC2026/train/2_Organic/O_659.jpg,1,2.0,2.0,pending,,,0.337459602241388,,False
/content/drive/MyDrive/BDC2026/train/2_Organic/O_9147.jpg,3,2.0,2.0,pending,,,0.3388148528742842,,False
/content/drive/MyDrive/BDC2026/train/2_Organic/O_10322.jpg,1,2.0,2.0,pending,,,0.3392914399939193,,False
/content/drive/MyDrive/BDC2026/train/2_Organic/O_1136.jpg,3,2.0,2.0,pending,,,0.3397597569085986,,False
/content/drive/MyDrive/BDC2026/train/2_Organic/O_6784.jpg,1,2.0,2.0,pending,,,0.3426064908211101,,False
/content/drive/MyDrive/BDC2026/train/2_Organic/O_8801.jpg,4,2.0,2.0,pending,,,0.3430545414224474,,False
/content/drive/MyDrive/BDC2026/train/2_Organic/O_2186.jpg,3,2.0,2.0,pending,,,0.3434628314306893,,False
/content/drive/MyDrive/BDC2026/train/2_Organic/O_286.jpg,0,2.0,2.0,pending,,,0.3446932994033569,,False
/content/drive/MyDrive/BDC2026/train/2_Organic/O_6214.jpg,3,2.0,2.0,pending,,,0.344895114354543,,False
/content/drive/MyDrive/BDC2026/train/2_Organic/O_6132.jpg,2,2.0,2.0,pending,,,0.3463898405415254,,False
/content/drive/MyDrive/BDC2026/train/2_Organic/O_9745.jpg,3,2.0,2.0,pending,,,0.3465781313505311,,False
/content/drive/MyDrive/BDC2026/train/2_Organic/O_7709.jpg,0,2.0,2.0,pending,,,0.3480941913661952,,False
/content/drive/MyDrive/BDC2026/train/2_Organic/O_5067.jpg,3,2.0,2.0,pending,,,0.3502895422990684,,False
/content/drive/MyDrive/BDC2026/train/2_Organic/O_8095.jpg,3,2.0,2.0,pending,,,0.3504322490980623,,False
/content/drive/MyDrive/BDC2026/train/2_Organic/O_517.jpg,1,2.0,2.0,pending,,,0.3505965664726565,,False
/content/drive/MyDrive/BDC2026/train/2_Organic/O_6828.jpg,0,2.0,2.0,pending,,,0.3530919037503685,,False
/content/drive/MyDrive/BDC2026/train/2_Organic/O_10497.jpg,3,2.0,2.0,pending,,,0.3569732319221844,,False
/content/drive/MyDrive/BDC2026/train/2_Organic/O_1511.jpg,2,2.0,2.0,pending,,,0.3662091002094178,,False
/content/drive/MyDrive/BDC2026/train/2_Organic/O_8188.jpg,2,2.0,2.0,pending,,,0.3702460083253284,,False
/content/drive/MyDrive/BDC2026/train/2_Organic/O_7761.jpg,2,2.0,2.0,pending,,,0.375301065577991,,False
/content/drive/MyDrive/BDC2026/train/2_Organic/O_6690.jpg,4,2.0,2.0,pending,,,0.3760225650597169,,False
/content/drive/MyDrive/BDC2026/train/2_Organic/O_5321.jpg,3,2.0,2.0,pending,,,0.381401885623707,,False
/content/drive/MyDrive/BDC2026/train/2_Organic/O_3713.jpg,2,2.0,2.0,pending,,,0.3823945089464268,,False
/content/drive/MyDrive/BDC2026/train/2_Organic/O_9730.jpg,3,2.0,2.0,pending,,,0.3830011731874373,,False
/content/drive/MyDrive/BDC2026/train/2_Organic/O_8551.jpg,2,2.0,2.0,pending,,,0.3834996361839097,,False
/content/drive/MyDrive/BDC2026/train/2_Organic/O_12089.jpg,3,2.0,2.0,pending,,,0.3866619765675181,,False
/content/drive/MyDrive/BDC2026/train/2_Organic/O_1820.jpg,2,2.0,2.0,pending,,,0.3867625229708706,,False
/content/drive/MyDrive/BDC2026/train/2_Organic/O_8704.jpg,0,2.0,2.0,pending,,,0.3894053287271485,,False
/content/drive/MyDrive/BDC2026/train/2_Organic/O_8865.jpg,1,2.0,2.0,pending,,,0.3929907132868113,,False
/content/drive/MyDrive/BDC2026/train/2_Organic/O_6668.jpg,1,2.0,2.0,pending,,,0.394311011412978,,False
/content/drive/MyDrive/BDC2026/train/2_Organic/O_8855.jpg,0,2.0,2.0,pending,,,0.399718270354671,,False
/content/drive/MyDrive/BDC2026/train/2_Organic/O_6777.jpg,4,2.0,2.0,pending,,,0.3998471636883737,,False
/content/drive/MyDrive/BDC2026/train/2_Organic/O_3208.jpg,0,2.0,2.0,pending,,,0.4008958754334777,,False
/content/drive/MyDrive/BDC2026/train/2_Organic/O_7935.jpg,2,2.0,2.0,pending,,,0.402226892844822,,False
/content/drive/MyDrive/BDC2026/train/2_Organic/O_6816.jpg,1,2.0,2.0,pending,,,0.4100895883111843,,False
/content/drive/MyDrive/BDC2026/train/2_Organic/O_7778.jpg,4,2.0,2.0,pending,,,0.4145336657031683,,False
/content/drive/MyDrive/BDC2026/train/2_Organic/O_10541.jpg,0,2.0,2.0,pending,,,0.4169038548874707,,False
/content/drive/MyDrive/BDC2026/train/2_Organic/O_471.jpg,3,2.0,2.0,pending,,,0.422784956310254,,False
/content/drive/MyDrive/BDC2026/train/2_Organic/O_5569.jpg,4,2.0,2.0,pending,,,0.4256858527737386,,False
/content/drive/MyDrive/BDC2026/train/2_Organic/O_1991.jpg,4,2.0,2.0,pending,,,0.4271972096218148,,False
/content/drive/MyDrive/BDC2026/train/2_Organic/O_6691.jpg,4,2.0,2.0,pending,,,0.4363600025742699,,False
/content/drive/MyDrive/BDC2026/train/2_Organic/O_3989.jpg,0,2.0,2.0,pending,,,0.4371211012899288,,False
/content/drive/MyDrive/BDC2026/train/2_Organic/O_4654.jpg,4,2.0,2.0,pending,,,0.4482786201481044,,False
/content/drive/MyDrive/BDC2026/train/2_Organic/O_11971.jpg,0,2.0,2.0,pending,,,0.4569051234046672,,False
/content/drive/MyDrive/BDC2026/train/2_Organic/O_8734.jpg,1,2.0,2.0,pending,,,0.4607383747604596,,False
/content/drive/MyDrive/BDC2026/train/2_Organic/O_3642.jpg,2,2.0,2.0,pending,,,0.4612796202653284,,False
/content/drive/MyDrive/BDC2026/train/2_Organic/O_8749.jpg,0,2.0,2.0,pending,,,0.4629212040633422,,False
/content/drive/MyDrive/BDC2026/train/2_Organic/O_245.jpg,1,2.0,2.0,pending,,,0.4631314038493103,,False
/content/drive/MyDrive/BDC2026/train/2_Organic/O_8447.jpg,3,2.0,2.0,pending,,,0.4637384169661791,,False
/content/drive/MyDrive/BDC2026/train/2_Organic/O_6662.jpg,4,2.0,2.0,pending,,,0.4642687821377957,,False
/content/drive/MyDrive/BDC2026/train/2_Organic/O_1794.jpg,0,2.0,2.0,pending,,,0.4661426150016576,,False
/content/drive/MyDrive/BDC2026/train/2_Organic/O_9874.jpg,4,2.0,2.0,pending,,,0.4785679552728311,,False
/content/drive/MyDrive/BDC2026/train/2_Organic/O_9589.jpg,0,2.0,2.0,pending,,,0.4854035512786598,,False
/content/drive/MyDrive/BDC2026/train/2_Organic/O_8138.jpg,4,2.0,2.0,pending,,,0.4889935779122554,,False
/content/drive/MyDrive/BDC2026/train/2_Organic/O_8798.jpg,1,2.0,2.0,pending,,,0.4894729886355917,,False
/content/drive/MyDrive/BDC2026/train/2_Organic/O_6863.jpg,3,2.0,2.0,pending,,,0.4959856707701171,,False
/content/drive/MyDrive/BDC2026/train/2_Organic/O_10570.jpg,4,2.0,2.0,pending,,,0.4980135074349214,,False
/content/drive/MyDrive/BDC2026/train/2_Organic/O_6739.jpg,0,2.0,2.0,pending,,,0.4994176061089661,,False
/content/drive/MyDrive/BDC2026/train/2_Organic/O_6839.jpg,1,2.0,2.0,pending,,,0.5278806421146102,,False
/content/drive/MyDrive/BDC2026/train/2_Organic/O_1887.jpg,0,2.0,2.0,pending,,,0.530263675317161,,False
/content/drive/MyDrive/BDC2026/train/2_Organic/O_4772.jpg,0,2.0,2.0,pending,,,0.546952798142648,,False
/content/drive/MyDrive/BDC2026/train/2_Organic/O_2413.jpg,1,2.0,2.0,pending,,,0.5476247348819316,,False
/content/drive/MyDrive/BDC2026/train/2_Organic/O_6104.jpg,1,2.0,2.0,pending,,,0.5695002275725998,,False
/content/drive/MyDrive/BDC2026/train/2_Organic/O_7378.jpg,4,2.0,2.0,pending,,,0.5717299524928857,,False
/content/drive/MyDrive/BDC2026/train/2_Organic/O_8861.jpg,1,2.0,2.0,pending,,,0.5871531001587885,,False
/content/drive/MyDrive/BDC2026/train/2_Organic/O_369.jpg,1,2.0,2.0,pending,,,0.5908406626885563,,False
/content/drive/MyDrive/BDC2026/train/2_Organic/O_5198.jpg,3,2.0,2.0,pending,,,0.5927738406079315,,False
/content/drive/MyDrive/BDC2026/train/2_Organic/O_1683.jpg,1,2.0,2.0,pending,,,0.5930577541981503,,False
/content/drive/MyDrive/BDC2026/train/2_Organic/O_7344.jpg,3,2.0,2.0,pending,,,0.5942356034024117,,False
/content/drive/MyDrive/BDC2026/train/2_Organic/O_1844.jpg,2,2.0,2.0,pending,,,0.6112940040377572,,False
/content/drive/MyDrive/BDC2026/train/2_Organic/O_4190.jpg,4,2.0,2.0,pending,,,0.6169619276087706,,False
/content/drive/MyDrive/BDC2026/train/2_Organic/O_9143.jpg,2,2.0,2.0,pending,,,0.6194084480847452,,False
/content/drive/MyDrive/BDC2026/train/0_Recyclable/R_8346.jpg,2,0.0,0.0,pending,,,0.004790440172549,,False
/content/drive/MyDrive/BDC2026/train/0_Recyclable/R_155.jpg,4,0.0,0.0,pending,,,0.0142450176365149,,False
/content/drive/MyDrive/BDC2026/train/0_Recyclable/R_4838.jpg,1,0.0,0.0,pending,,,0.014442406810262,,False
/content/drive/MyDrive/BDC2026/train/0_Recyclable/R_2331.jpg,2,0.0,0.0,pending,,,0.046535025820589,,False
/content/drive/MyDrive/BDC2026/train/0_Recyclable/R_231.jpg,4,0.0,0.0,pending,,,0.0657571285889911,,False
/content/drive/MyDrive/BDC2026/train/0_Recyclable/R_1843.jpg,4,0.0,0.0,pending,,,0.083429877335531,,False
/content/drive/MyDrive/BDC2026/train/0_Recyclable/R_9193.jpg,0,0.0,0.0,pending,,,0.1128819772676778,,False
/content/drive/MyDrive/BDC2026/train/0_Recyclable/R_9364.jpg,0,0.0,0.0,pending,,,0.1198062842497945,,False
/content/drive/MyDrive/BDC2026/train/0_Recyclable/R_7029.jpg,0,0.0,0.0,pending,,,0.1257829880895718,,False
/content/drive/MyDrive/BDC2026/train/0_Recyclable/R_7107.jpg,4,0.0,0.0,pending,,,0.1305168304450432,,False
/content/drive/MyDrive/BDC2026/train/0_Recyclable/R_9830.jpg,4,0.0,0.0,pending,,,0.1325348754555415,,False
/content/drive/MyDrive/BDC2026/train/0_Recyclable/R_8724.jpg,1,0.0,0.0,pending,,,0.1719192121593508,,False
/content/drive/MyDrive/BDC2026/train/0_Recyclable/R_7943.jpg,1,0.0,0.0,pending,,,0.1726217966929762,,False
/content/drive/MyDrive/BDC2026/train/0_Recyclable/R_7186.jpg,4,0.0,0.0,pending,,,0.1784673631707913,,False
/content/drive/MyDrive/BDC2026/train/0_Recyclable/R_6360.jpg,4,0.0,0.0,pending,,,0.1813169271896694,,False
/content/drive/MyDrive/BDC2026/train/0_Recyclable/R_8800.jpg,3,0.0,0.0,pending,,,0.1921015363612762,,False
/content/drive/MyDrive/BDC2026/train/0_Recyclable/R_2355.jpg,3,0.0,0.0,pending,,,0.204155438933034,,False
/content/drive/MyDrive/BDC2026/train/0_Recyclable/R_7044.jpg,1,0.0,0.0,pending,,,0.2048856809729634,,False
/content/drive/MyDrive/BDC2026/train/0_Recyclable/R_8273.jpg,3,0.0,0.0,pending,,,0.2368940418248187,,False
/content/drive/MyDrive/BDC2026/train/0_Recyclable/R_1854.jpg,2,0.0,0.0,pending,,,0.2382088144131116,,False
/content/drive/MyDrive/BDC2026/train/0_Recyclable/R_2203.jpg,1,0.0,0.0,pending,,,0.2500427058492472,,False
/content/drive/MyDrive/BDC2026/train/0_Recyclable/R_8175.jpg,2,0.0,0.0,pending,,,0.2561586044003617,,False
/content/drive/MyDrive/BDC2026/train/0_Recyclable/R_1783.jpg,1,0.0,0.0,pending,,,0.2590895614481152,,False
/content/drive/MyDrive/BDC2026/train/0_Recyclable/R_8772.jpg,0,0.0,0.0,pending,,,0.3083013826936673,,False
/content/drive/MyDrive/BDC2026/train/0_Recyclable/R_9977.jpg,4,0.0,0.0,pending,,,0.3166401772419097,,False
/content/drive/MyDrive/BDC2026/train/0_Recyclable/R_8996.jpg,0,0.0,0.0,pending,,,0.3544699111835195,,False
/content/drive/MyDrive/BDC2026/train/0_Recyclable/R_9777.jpg,4,0.0,0.0,pending,,,0.4134549476019373,,False
/content/drive/MyDrive/BDC2026/train/0_Recyclable/R_4453.jpg,2,0.0,0.0,pending,,,0.4365648489438991,,False
/content/drive/MyDrive/BDC2026/train/0_Recyclable/R_3825.jpg,3,0.0,0.0,pending,,,0.5341380847287667,,False
/content/drive/MyDrive/BDC2026/train/0_Recyclable/R_3733.jpg,4,0.0,0.0,pending,,,0.5694915585127708,,False
/content/drive/MyDrive/BDC2026/train/0_Recyclable/R_891.jpg,0,0.0,0.0,pending,,,0.0057050177808666,,False
/content/drive/MyDrive/BDC2026/train/0_Recyclable/R_3387.jpg,4,0.0,0.0,pending,,,0.0070120994925418,,False
/content/drive/MyDrive/BDC2026/train/0_Recyclable/R_8417.jpg,1,0.0,0.0,pending,,,0.0073662971643211,,False
/content/drive/MyDrive/BDC2026/train/0_Recyclable/R_4917.jpg,3,0.0,0.0,pending,,,0.0074117895810577,,False
/content/drive/MyDrive/BDC2026/train/0_Recyclable/R_851.jpg,4,0.0,0.0,pending,,,0.0121614532089543,,False
/content/drive/MyDrive/BDC2026/train/0_Recyclable/R_7859.jpg,0,0.0,0.0,pending,,,0.0124234177892085,,False
/content/drive/MyDrive/BDC2026/train/0_Recyclable/R_884.jpg,4,0.0,0.0,pending,,,0.0154692995460714,,False
/content/drive/MyDrive/BDC2026/train/0_Recyclable/R_342.jpg,0,0.0,0.0,pending,,,0.0186062074566076,,False
/content/drive/MyDrive/BDC2026/train/0_Recyclable/R_2445.jpg,3,0.0,0.0,pending,,,0.0218500688163081,,False
/content/drive/MyDrive/BDC2026/train/0_Recyclable/R_6092.jpg,1,0.0,0.0,pending,,,0.0220227848905977,,False
/content/drive/MyDrive/BDC2026/train/0_Recyclable/R_2909.jpg,0,0.0,0.0,pending,,,0.0225856197245205,,False
/content/drive/MyDrive/BDC2026/train/0_Recyclable/R_9951.jpg,2,0.0,0.0,pending,,,0.0266903680225409,,False
/content/drive/MyDrive/BDC2026/train/0_Recyclable/R_2731.jpg,0,0.0,0.0,pending,,,0.0312562318610617,,False
/content/drive/MyDrive/BDC2026/train/0_Recyclable/R_7019.jpg,2,0.0,0.0,pending,,,0.0314762977083098,,False
/content/drive/MyDrive/BDC2026/train/0_Recyclable/R_1376.jpg,1,0.0,0.0,pending,,,0.0320966304278428,,False
/content/drive/MyDrive/BDC2026/train/0_Recyclable/R_9897.jpg,2,0.0,0.0,pending,,,0.0329334604700265,,False
/content/drive/MyDrive/BDC2026/train/0_Recyclable/R_5591.jpg,3,0.0,0.0,pending,,,0.0331527238914847,,False
/content/drive/MyDrive/BDC2026/train/0_Recyclable/R_841.jpg,1,0.0,0.0,pending,,,0.0335218482234592,,False
/content/drive/MyDrive/BDC2026/train/0_Recyclable/R_5692.jpg,2,0.0,0.0,pending,,,0.0335392493933396,,False
/content/drive/MyDrive/BDC2026/train/0_Recyclable/R_4657.jpg,3,0.0,0.0,pending,,,0.0381145483499447,,False
/content/drive/MyDrive/BDC2026/train/0_Recyclable/R_2585.jpg,0,0.0,0.0,pending,,,0.0388385197505772,,False
/content/drive/MyDrive/BDC2026/train/0_Recyclable/R_4387.jpg,3,0.0,0.0,pending,,,0.0392305281207305,,False
/content/drive/MyDrive/BDC2026/train/0_Recyclable/R_308.jpg,4,0.0,0.0,pending,,,0.0400332990744718,,False
/content/drive/MyDrive/BDC2026/train/0_Recyclable/R_6802.jpg,1,0.0,0.0,pending,,,0.0473561142664973,,False
/content/drive/MyDrive/BDC2026/train/0_Recyclable/R_8798.jpg,3,0.0,0.0,pending,,,0.048068290206696,,False
/content/drive/MyDrive/BDC2026/train/0_Recyclable/R_6057.jpg,1,0.0,0.0,pending,,,0.0494642107102212,,False
/content/drive/MyDrive/BDC2026/train/0_Recyclable/R_555.jpg,4,0.0,0.0,pending,,,0.0500475189593366,,False
/content/drive/MyDrive/BDC2026/train/0_Recyclable/R_9852.jpg,0,0.0,0.0,pending,,,0.0511312980388147,,False
/content/drive/MyDrive/BDC2026/train/0_Recyclable/R_2351.jpg,1,0.0,0.0,pending,,,0.0561346843731743,,False
/content/drive/MyDrive/BDC2026/train/0_Recyclable/R_406.jpg,3,0.0,0.0,pending,,,0.0565916901005432,,False
/content/drive/MyDrive/BDC2026/train/0_Recyclable/R_3834.jpg,2,0.0,0.0,pending,,,0.0601228414721087,,False
/content/drive/MyDrive/BDC2026/train/0_Recyclable/R_9987.jpg,1,0.0,0.0,pending,,,0.0636496910079827,,False
/content/drive/MyDrive/BDC2026/train/0_Recyclable/R_9996.jpg,4,0.0,0.0,pending,,,0.0711616339672934,,False
/content/drive/MyDrive/BDC2026/train/0_Recyclable/R_932.jpg,4,0.0,0.0,pending,,,0.072393286067233,,False
/content/drive/MyDrive/BDC2026/train/0_Recyclable/R_582.jpg,2,0.0,0.0,pending,,,0.0725868411667669,,False
/content/drive/MyDrive/BDC2026/train/0_Recyclable/R_9988.jpg,0,0.0,0.0,pending,,,0.0752464162135079,,False
/content/drive/MyDrive/BDC2026/train/0_Recyclable/R_911.jpg,0,0.0,0.0,pending,,,0.0793157991162653,,False
/content/drive/MyDrive/BDC2026/train/0_Recyclable/R_744.jpg,0,0.0,0.0,pending,,,0.0835866858543692,,False
/content/drive/MyDrive/BDC2026/train/0_Recyclable/R_4787.jpg,1,0.0,0.0,pending,,,0.0865252231126188,,False
/content/drive/MyDrive/BDC2026/train/0_Recyclable/R_856.jpg,4,0.0,0.0,pending,,,0.0874705483075606,,False
/content/drive/MyDrive/BDC2026/train/0_Recyclable/R_4709.jpg,2,0.0,0.0,pending,,,0.0892797943983109,,False
/content/drive/MyDrive/BDC2026/train/0_Recyclable/R_635.jpg,2,0.0,0.0,pending,,,0.0916652724846274,,False
/content/drive/MyDrive/BDC2026/train/0_Recyclable/R_5912.jpg,0,0.0,0.0,pending,,,0.0942085219914525,,False
/content/drive/MyDrive/BDC2026/train/0_Recyclable/R_7192.jpg,4,0.0,0.0,pending,,,0.0966400461045912,,False
/content/drive/MyDrive/BDC2026/train/0_Recyclable/R_9935.jpg,4,0.0,0.0,pending,,,0.0992060739067142,,False
/content/drive/MyDrive/BDC2026/train/0_Recyclable/R_2822.jpg,0,0.0,0.0,pending,,,0.1018898608376889,,False
/content/drive/MyDrive/BDC2026/train/0_Recyclable/R_7046.jpg,3,0.0,0.0,pending,,,0.1020712903708157,,False
/content/drive/MyDrive/BDC2026/train/0_Recyclable/R_7157.jpg,4,0.0,0.0,pending,,,0.1048368900389423,,False
/content/drive/MyDrive/BDC2026/train/0_Recyclable/R_9936.jpg,4,0.0,0.0,pending,,,0.106994302387745,,False
/content/drive/MyDrive/BDC2026/train/0_Recyclable/R_657.jpg,1,0.0,0.0,pending,,,0.1100568902157387,,False
/content/drive/MyDrive/BDC2026/train/0_Recyclable/R_8371.jpg,1,0.0,0.0,pending,,,0.1105285257252021,,False
/content/drive/MyDrive/BDC2026/train/0_Recyclable/R_4629.jpg,4,0.0,0.0,pending,,,0.1108761183532974,,False
/content/drive/MyDrive/BDC2026/train/0_Recyclable/R_5010.jpg,0,0.0,0.0,pending,,,0.1118059254900219,,False
/content/drive/MyDrive/BDC2026/train/0_Recyclable/R_4385.jpg,0,0.0,0.0,pending,,,0.1120368664244758,,False
/content/drive/MyDrive/BDC2026/train/0_Recyclable/R_4426.jpg,0,0.0,0.0,pending,,,0.1134512086343244,,False
/content/drive/MyDrive/BDC2026/train/0_Recyclable/R_4744.jpg,4,0.0,0.0,pending,,,0.1136592910711802,,False
/content/drive/MyDrive/BDC2026/train/0_Recyclable/R_488.jpg,1,0.0,0.0,pending,,,0.1218308732141786,,False
/content/drive/MyDrive/BDC2026/train/0_Recyclable/R_5929.jpg,3,0.0,0.0,pending,,,0.125266190431479,,False
/content/drive/MyDrive/BDC2026/train/0_Recyclable/R_254.jpg,0,0.0,0.0,pending,,,0.1255643862829943,,False
/content/drive/MyDrive/BDC2026/train/0_Recyclable/R_345.jpg,1,0.0,0.0,pending,,,0.126446149301297,,False
/content/drive/MyDrive/BDC2026/train/0_Recyclable/R_517.jpg,0,0.0,0.0,pending,,,0.1312799494949785,,False
/content/drive/MyDrive/BDC2026/train/0_Recyclable/R_4499.jpg,0,0.0,0.0,pending,,,0.1323261187091072,,False
/content/drive/MyDrive/BDC2026/train/0_Recyclable/R_659.jpg,2,0.0,0.0,pending,,,0.1334373172750206,,False
/content/drive/MyDrive/BDC2026/train/0_Recyclable/R_4856.jpg,4,0.0,0.0,pending,,,0.1345604378867755,,False
/content/drive/MyDrive/BDC2026/train/0_Recyclable/R_1562.jpg,1,0.0,0.0,pending,,,0.1353539724776871,,False
/content/drive/MyDrive/BDC2026/train/0_Recyclable/R_3592.jpg,3,0.0,0.0,pending,,,0.1360595133978581,,False
/content/drive/MyDrive/BDC2026/train/0_Recyclable/R_1907.jpg,0,0.0,0.0,pending,,,0.1367663725025553,,False
/content/drive/MyDrive/BDC2026/train/0_Recyclable/R_8745.jpg,3,0.0,0.0,pending,,,0.1416897207256516,,False
/content/drive/MyDrive/BDC2026/train/0_Recyclable/R_805.jpg,3,0.0,0.0,pending,,,0.153171636174667,,False
/content/drive/MyDrive/BDC2026/train/0_Recyclable/R_2739.jpg,4,0.0,0.0,pending,,,0.1540486754525193,,False
/content/drive/MyDrive/BDC2026/train/0_Recyclable/R_742.jpg,3,0.0,0.0,pending,,,0.1555350573516895,,False
/content/drive/MyDrive/BDC2026/train/0_Recyclable/R_9993.jpg,3,0.0,0.0,pending,,,0.1570726337753428,,False
/content/drive/MyDrive/BDC2026/train/0_Recyclable/R_3824.jpg,3,0.0,0.0,pending,,,0.1582010560098574,,False
/content/drive/MyDrive/BDC2026/train/0_Recyclable/R_2786.jpg,1,0.0,0.0,pending,,,0.1654187472632861,,False
/content/drive/MyDrive/BDC2026/train/0_Recyclable/R_600.jpg,2,0.0,0.0,pending,,,0.1689583172780577,,False
/content/drive/MyDrive/BDC2026/train/0_Recyclable/R_6178.jpg,1,0.0,0.0,pending,,,0.1712403482388473,,False
/content/drive/MyDrive/BDC2026/train/0_Recyclable/R_6676.jpg,3,0.0,0.0,pending,,,0.1713716989923469,,False
/content/drive/MyDrive/BDC2026/train/0_Recyclable/R_7094.jpg,1,0.0,0.0,pending,,,0.1755666367837136,,False
/content/drive/MyDrive/BDC2026/train/0_Recyclable/R_7199.jpg,4,0.0,0.0,pending,,,0.1873882584997536,,False
/content/drive/MyDrive/BDC2026/train/0_Recyclable/R_3720.jpg,0,0.0,0.0,pending,,,0.193441891125049,,False
/content/drive/MyDrive/BDC2026/train/0_Recyclable/R_5809.jpg,3,0.0,0.0,pending,,,0.1946822287290244,,False
/content/drive/MyDrive/BDC2026/train/0_Recyclable/R_2808.jpg,1,0.0,0.0,pending,,,0.2012645850237614,,False
/content/drive/MyDrive/BDC2026/train/0_Recyclable/R_723.jpg,1,0.0,0.0,pending,,,0.2018845488168092,,False
/content/drive/MyDrive/BDC2026/train/0_Recyclable/R_4500.jpg,0,0.0,0.0,pending,,,0.2042749559665489,,False
/content/drive/MyDrive/BDC2026/train/0_Recyclable/R_2648.jpg,1,0.0,0.0,pending,,,0.2043571985387928,,False
/content/drive/MyDrive/BDC2026/train/0_Recyclable/R_1947.jpg,2,0.0,0.0,pending,,,0.2058073331838732,,False
/content/drive/MyDrive/BDC2026/train/0_Recyclable/R_6032.jpg,2,0.0,0.0,pending,,,0.2067431390383797,,False
/content/drive/MyDrive/BDC2026/train/0_Recyclable/R_3627.jpg,2,0.0,0.0,pending,,,0.2067653682998543,,False
/content/drive/MyDrive/BDC2026/train/0_Recyclable/R_5095.jpg,0,0.0,0.0,pending,,,0.2069326263124584,,False
/content/drive/MyDrive/BDC2026/train/0_Recyclable/R_3751.jpg,1,0.0,0.0,pending,,,0.2148668363338887,,False
/content/drive/MyDrive/BDC2026/train/0_Recyclable/R_9126.jpg,0,0.0,0.0,pending,,,0.2155635989720802,,False
/content/drive/MyDrive/BDC2026/train/0_Recyclable/R_7141.jpg,3,0.0,0.0,pending,,,0.2216828863740141,,False
/content/drive/MyDrive/BDC2026/train/0_Recyclable/R_3631.jpg,4,0.0,0.0,pending,,,0.224117494677158,,False
/content/drive/MyDrive/BDC2026/train/0_Recyclable/R_5982.jpg,0,0.0,0.0,pending,,,0.2266155699510048,,False
/content/drive/MyDrive/BDC2026/train/0_Recyclable/R_3480.jpg,3,0.0,0.0,pending,,,0.2289694984412111,,False
/content/drive/MyDrive/BDC2026/train/0_Recyclable/R_855.jpg,2,0.0,0.0,pending,,,0.2322925007814969,,False
/content/drive/MyDrive/BDC2026/train/0_Recyclable/R_9579.jpg,1,0.0,0.0,pending,,,0.2334276898917165,,False
/content/drive/MyDrive/BDC2026/train/0_Recyclable/R_9985.jpg,1,0.0,0.0,pending,,,0.2336829520788233,,False
/content/drive/MyDrive/BDC2026/train/0_Recyclable/R_371.jpg,2,0.0,0.0,pending,,,0.2364376602883699,,False
/content/drive/MyDrive/BDC2026/train/0_Recyclable/R_3383.jpg,3,0.0,0.0,pending,,,0.2371678356608362,,False
/content/drive/MyDrive/BDC2026/train/0_Recyclable/R_9466.jpg,2,0.0,0.0,pending,,,0.2430540789917874,,False
/content/drive/MyDrive/BDC2026/train/0_Recyclable/R_4847.jpg,2,0.0,0.0,pending,,,0.2445410093462243,,False
/content/drive/MyDrive/BDC2026/train/0_Recyclable/R_4755.jpg,2,0.0,0.0,pending,,,0.2475056166422855,,False
/content/drive/MyDrive/BDC2026/train/0_Recyclable/R_914.jpg,4,0.0,0.0,pending,,,0.2499348593768348,,False
/content/drive/MyDrive/BDC2026/train/0_Recyclable/R_5017.jpg,0,0.0,0.0,pending,,,0.2515977424538264,,False
/content/drive/MyDrive/BDC2026/train/0_Recyclable/R_5911.jpg,3,0.0,0.0,pending,,,0.2519134302405053,,False
/content/drive/MyDrive/BDC2026/train/0_Recyclable/R_6874.jpg,4,0.0,0.0,pending,,,0.2643643030494111,,False
/content/drive/MyDrive/BDC2026/train/0_Recyclable/R_4819.jpg,3,0.0,0.0,pending,,,0.2645920883949815,,False
/content/drive/MyDrive/BDC2026/train/0_Recyclable/R_6691.jpg,3,0.0,0.0,pending,,,0.2689935801914156,,False
/content/drive/MyDrive/BDC2026/train/0_Recyclable/R_4827.jpg,4,0.0,0.0,pending,,,0.2691260351975234,,False
/content/drive/MyDrive/BDC2026/train/0_Recyclable/R_9396.jpg,4,0.0,0.0,pending,,,0.2731188241844509,,False
/content/drive/MyDrive/BDC2026/train/0_Recyclable/R_8161.jpg,3,0.0,0.0,pending,,,0.2737968569170748,,False
/content/drive/MyDrive/BDC2026/train/0_Recyclable/R_1538.jpg,2,0.0,0.0,pending,,,0.2738228008126863,,False
/content/drive/MyDrive/BDC2026/train/0_Recyclable/R_6088.jpg,0,0.0,0.0,pending,,,0.2749404271111392,,False
/content/drive/MyDrive/BDC2026/train/0_Recyclable/R_9386.jpg,3,0.0,0.0,pending,,,0.2778288973770741,,False
/content/drive/MyDrive/BDC2026/train/0_Recyclable/R_4774.jpg,3,0.0,0.0,pending,,,0.2835583407137942,,False
/content/drive/MyDrive/BDC2026/train/0_Recyclable/R_4707.jpg,3,0.0,0.0,pending,,,0.2865353570421204,,False
/content/drive/MyDrive/BDC2026/train/0_Recyclable/R_6875.jpg,0,0.0,0.0,pending,,,0.2868948384624714,,False
/content/drive/MyDrive/BDC2026/train/0_Recyclable/R_793.jpg,0,0.0,0.0,pending,,,0.2870798791511944,,False
/content/drive/MyDrive/BDC2026/train/0_Recyclable/R_408.jpg,1,0.0,0.0,pending,,,0.2880994104296526,,False
/content/drive/MyDrive/BDC2026/train/0_Recyclable/R_5284.jpg,1,0.0,0.0,pending,,,0.2892625317606632,,False
/content/drive/MyDrive/BDC2026/train/0_Recyclable/R_385.jpg,4,0.0,0.0,pending,,,0.2902186052070535,,False
/content/drive/MyDrive/BDC2026/train/0_Recyclable/R_2301.jpg,2,0.0,0.0,pending,,,0.2905242621146281,,False
/content/drive/MyDrive/BDC2026/train/0_Recyclable/R_1520.jpg,2,0.0,0.0,pending,,,0.2937176785329154,,False
/content/drive/MyDrive/BDC2026/train/0_Recyclable/R_9992.jpg,3,0.0,0.0,pending,,,0.2950732320819837,,False
/content/drive/MyDrive/BDC2026/train/0_Recyclable/R_4871.jpg,4,0.0,0.0,pending,,,0.2952581497775532,,False
/content/drive/MyDrive/BDC2026/train/0_Recyclable/R_9954.jpg,4,0.0,0.0,pending,,,0.2960446942779094,,False
/content/drive/MyDrive/BDC2026/train/0_Recyclable/R_359.jpg,2,0.0,0.0,pending,,,0.2960603600799311,,False
/content/drive/MyDrive/BDC2026/train/0_Recyclable/R_2120.jpg,2,0.0,0.0,pending,,,0.3021045643096763,,False
/content/drive/MyDrive/BDC2026/train/0_Recyclable/R_2469.jpg,4,0.0,0.0,pending,,,0.3034594755758233,,False
/content/drive/MyDrive/BDC2026/train/0_Recyclable/R_2142.jpg,4,0.0,0.0,pending,,,0.3035433001012776,,False
/content/drive/MyDrive/BDC2026/train/0_Recyclable/R_392.jpg,3,0.0,0.0,pending,,,0.3044695332479278,,False
/content/drive/MyDrive/BDC2026/train/0_Recyclable/R_3262.jpg,3,0.0,0.0,pending,,,0.3046175006260997,,False
/content/drive/MyDrive/BDC2026/train/0_Recyclable/R_2300.jpg,3,0.0,0.0,pending,,,0.3081668944217258,,False
/content/drive/MyDrive/BDC2026/train/0_Recyclable/R_762.jpg,3,0.0,0.0,pending,,,0.3092746308788253,,False
/content/drive/MyDrive/BDC2026/train/0_Recyclable/R_6578.jpg,0,0.0,0.0,pending,,,0.3108479684449949,,False
/content/drive/MyDrive/BDC2026/train/0_Recyclable/R_3644.jpg,2,0.0,0.0,pending,,,0.3109325999424021,,False
/content/drive/MyDrive/BDC2026/train/0_Recyclable/R_5262.jpg,4,0.0,0.0,pending,,,0.3143786895696601,,False
/content/drive/MyDrive/BDC2026/train/0_Recyclable/R_2385.jpg,2,0.0,0.0,pending,,,0.3145054248201533,,False
/content/drive/MyDrive/BDC2026/train/0_Recyclable/R_399.jpg,1,0.0,0.0,pending,,,0.3155738284842557,,False
/content/drive/MyDrive/BDC2026/train/0_Recyclable/R_2370.jpg,0,0.0,0.0,pending,,,0.3173845931446,,False
/content/drive/MyDrive/BDC2026/train/0_Recyclable/R_4616.jpg,0,0.0,0.0,pending,,,0.3193878472309506,,False
/content/drive/MyDrive/BDC2026/train/0_Recyclable/R_4679.jpg,2,0.0,0.0,pending,,,0.3197951160490081,,False
/content/drive/MyDrive/BDC2026/train/0_Recyclable/R_8120.jpg,4,0.0,0.0,pending,,,0.3199269175875221,,False
/content/drive/MyDrive/BDC2026/train/0_Recyclable/R_4776.jpg,4,0.0,0.0,pending,,,0.32160139153935,,False
/content/drive/MyDrive/BDC2026/train/0_Recyclable/R_885.jpg,3,0.0,0.0,pending,,,0.3262525051948896,,False
/content/drive/MyDrive/BDC2026/train/0_Recyclable/R_335.jpg,3,0.0,0.0,pending,,,0.3277750360988953,,False
/content/drive/MyDrive/BDC2026/train/0_Recyclable/R_8152.jpg,1,0.0,0.0,pending,,,0.3288763183505492,,False
/content/drive/MyDrive/BDC2026/train/0_Recyclable/R_5046.jpg,0,0.0,0.0,pending,,,0.3337585326123866,,False
/content/drive/MyDrive/BDC2026/train/0_Recyclable/R_1171.jpg,0,0.0,0.0,pending,,,0.3347107912784208,,False
/content/drive/MyDrive/BDC2026/train/0_Recyclable/R_5511.jpg,4,0.0,0.0,pending,,,0.3353736322132113,,False
/content/drive/MyDrive/BDC2026/train/0_Recyclable/R_4561.jpg,4,0.0,0.0,pending,,,0.3354781496153385,,False
/content/drive/MyDrive/BDC2026/train/0_Recyclable/R_801.jpg,3,0.0,0.0,pending,,,0.3360878776893013,,False
/content/drive/MyDrive/BDC2026/train/0_Recyclable/R_4896.jpg,3,0.0,0.0,pending,,,0.3368860957401983,,False
/content/drive/MyDrive/BDC2026/train/0_Recyclable/R_9994.jpg,1,0.0,0.0,pending,,,0.3373614735407831,,False
/content/drive/MyDrive/BDC2026/train/0_Recyclable/R_690.jpg,0,0.0,0.0,pending,,,0.3388074385204267,,False
/content/drive/MyDrive/BDC2026/train/0_Recyclable/R_8324.jpg,3,0.0,0.0,pending,,,0.3388966033906425,,False
/content/drive/MyDrive/BDC2026/train/0_Recyclable/R_8726.jpg,0,0.0,0.0,pending,,,0.3397948593261405,,False
/content/drive/MyDrive/BDC2026/train/0_Recyclable/R_7466.jpg,4,0.0,0.0,pending,,,0.3398431667825202,,False
/content/drive/MyDrive/BDC2026/train/0_Recyclable/R_4979.jpg,1,0.0,0.0,pending,,,0.3407321327729211,,False
/content/drive/MyDrive/BDC2026/train/0_Recyclable/R_3636.jpg,4,0.0,0.0,pending,,,0.3427783579309377,,False
/content/drive/MyDrive/BDC2026/train/0_Recyclable/R_1780.jpg,4,0.0,0.0,pending,,,0.3477289262422866,,False
/content/drive/MyDrive/BDC2026/train/0_Recyclable/R_7170.jpg,0,0.0,0.0,pending,,,0.3480567680749659,,False
/content/drive/MyDrive/BDC2026/train/0_Recyclable/R_1581.jpg,0,0.0,0.0,pending,,,0.3481241839874227,,False
/content/drive/MyDrive/BDC2026/train/0_Recyclable/R_9875.jpg,4,0.0,0.0,pending,,,0.3563342836172623,,False
/content/drive/MyDrive/BDC2026/train/0_Recyclable/R_9914.jpg,1,0.0,0.0,pending,,,0.3584632605197918,,False
/content/drive/MyDrive/BDC2026/train/0_Recyclable/R_9863.jpg,0,0.0,0.0,pending,,,0.359685228273377,,False
/content/drive/MyDrive/BDC2026/train/0_Recyclable/R_710.jpg,2,0.0,0.0,pending,,,0.3618442591419123,,False
/content/drive/MyDrive/BDC2026/train/0_Recyclable/R_7110.jpg,3,0.0,0.0,pending,,,0.3630120225872448,,False
/content/drive/MyDrive/BDC2026/train/0_Recyclable/R_4341.jpg,2,0.0,0.0,pending,,,0.36339923437922,,False
/content/drive/MyDrive/BDC2026/train/0_Recyclable/R_4913.jpg,4,0.0,0.0,pending,,,0.3669083963200256,,False
/content/drive/MyDrive/BDC2026/train/0_Recyclable/R_9473.jpg,3,0.0,0.0,pending,,,0.3688740113971329,,False
/content/drive/MyDrive/BDC2026/train/0_Recyclable/R_2232.jpg,3,0.0,0.0,pending,,,0.3708740958996954,,False
/content/drive/MyDrive/BDC2026/train/0_Recyclable/R_9984.jpg,2,0.0,0.0,pending,,,0.3721330589211905,,False
/content/drive/MyDrive/BDC2026/train/0_Recyclable/R_687.jpg,1,0.0,0.0,pending,,,0.3727622454068742,,False
/content/drive/MyDrive/BDC2026/train/0_Recyclable/R_8764.jpg,0,0.0,0.0,pending,,,0.3755537206519115,,False
/content/drive/MyDrive/BDC2026/train/0_Recyclable/R_4769.jpg,1,0.0,0.0,pending,,,0.3756126110278504,,False
/content/drive/MyDrive/BDC2026/train/0_Recyclable/R_4690.jpg,3,0.0,0.0,pending,,,0.3897255770598423,,False
/content/drive/MyDrive/BDC2026/train/0_Recyclable/R_6535.jpg,3,0.0,0.0,pending,,,0.3912069427579286,,False
/content/drive/MyDrive/BDC2026/train/0_Recyclable/R_9753.jpg,3,0.0,0.0,pending,,,0.3920046836545001,,False
/content/drive/MyDrive/BDC2026/train/0_Recyclable/R_6658.jpg,4,0.0,0.0,pending,,,0.39596717101846,,False
/content/drive/MyDrive/BDC2026/train/0_Recyclable/R_4594.jpg,4,0.0,0.0,pending,,,0.3978588600378857,,False
/content/drive/MyDrive/BDC2026/train/0_Recyclable/R_4961.jpg,1,0.0,0.0,pending,,,0.4020347364807925,,False
/content/drive/MyDrive/BDC2026/train/0_Recyclable/R_3726.jpg,2,0.0,0.0,pending,,,0.4038157655090716,,False
/content/drive/MyDrive/BDC2026/train/0_Recyclable/R_491.jpg,1,0.0,0.0,pending,,,0.4065288352283119,,False
/content/drive/MyDrive/BDC2026/train/0_Recyclable/R_1969.jpg,1,0.0,0.0,pending,,,0.4150461912401902,,False
/content/drive/MyDrive/BDC2026/train/0_Recyclable/R_7071.jpg,1,0.0,0.0,pending,,,0.4168126816950701,,False
/content/drive/MyDrive/BDC2026/train/0_Recyclable/R_321.jpg,0,0.0,0.0,pending,,,0.4197933856742291,,False
/content/drive/MyDrive/BDC2026/train/0_Recyclable/R_7413.jpg,3,0.0,0.0,pending,,,0.4203377852602165,,False
/content/drive/MyDrive/BDC2026/train/0_Recyclable/R_8784.jpg,0,0.0,0.0,pending,,,0.4221486972864903,,False
/content/drive/MyDrive/BDC2026/train/0_Recyclable/R_1310.jpg,2,0.0,0.0,pending,,,0.4252885762990277,,False
/content/drive/MyDrive/BDC2026/train/0_Recyclable/R_1127.jpg,0,0.0,0.0,pending,,,0.4259005399991801,,False
/content/drive/MyDrive/BDC2026/train/0_Recyclable/R_363.jpg,0,0.0,0.0,pending,,,0.4270324358916912,,False
/content/drive/MyDrive/BDC2026/train/0_Recyclable/R_7111.jpg,1,0.0,0.0,pending,,,0.430542683876812,,False
/content/drive/MyDrive/BDC2026/train/0_Recyclable/R_2317.jpg,1,0.0,0.0,pending,,,0.4329972310050156,,False
/content/drive/MyDrive/BDC2026/train/0_Recyclable/R_2482.jpg,4,0.0,0.0,pending,,,0.4383836803515012,,False
/content/drive/MyDrive/BDC2026/train/0_Recyclable/R_3633.jpg,0,0.0,0.0,pending,,,0.4397482202251295,,False
/content/drive/MyDrive/BDC2026/train/0_Recyclable/R_4383.jpg,1,0.0,0.0,pending,,,0.4458252484363802,,False
/content/drive/MyDrive/BDC2026/train/0_Recyclable/R_4765.jpg,0,0.0,0.0,pending,,,0.4520384675449993,,False
/content/drive/MyDrive/BDC2026/train/0_Recyclable/R_8954.jpg,3,0.0,0.0,pending,,,0.4533594574508115,,False
/content/drive/MyDrive/BDC2026/train/0_Recyclable/R_6873.jpg,3,0.0,0.0,pending,,,0.4565824414346061,,False
/content/drive/MyDrive/BDC2026/train/0_Recyclable/R_1948.jpg,3,0.0,0.0,pending,,,0.467256110692723,,False
/content/drive/MyDrive/BDC2026/train/0_Recyclable/R_5788.jpg,0,0.0,0.0,pending,,,0.4735254537828093,,False
/content/drive/MyDrive/BDC2026/train/0_Recyclable/R_9164.jpg,3,0.0,0.0,pending,,,0.4830675178138144,,False
/content/drive/MyDrive/BDC2026/train/0_Recyclable/R_1025.jpg,1,0.0,0.0,pending,,,0.4864581946599788,,False
/content/drive/MyDrive/BDC2026/train/0_Recyclable/R_9878.jpg,1,0.0,0.0,pending,,,0.4921052945504589,,False
/content/drive/MyDrive/BDC2026/train/0_Recyclable/R_6609.jpg,2,0.0,0.0,pending,,,0.4949281392454565,,False
/content/drive/MyDrive/BDC2026/train/0_Recyclable/R_6734.jpg,2,0.0,0.0,pending,,,0.501139637676359,,False
/content/drive/MyDrive/BDC2026/train/0_Recyclable/R_5004.jpg,3,0.0,0.0,pending,,,0.5046433461268105,,False
/content/drive/MyDrive/BDC2026/train/0_Recyclable/R_854.jpg,4,0.0,0.0,pending,,,0.5127479566594219,,False
/content/drive/MyDrive/BDC2026/train/0_Recyclable/R_3650.jpg,2,0.0,0.0,pending,,,0.5147460310580744,,False
/content/drive/MyDrive/BDC2026/train/0_Recyclable/R_9887.jpg,0,0.0,0.0,pending,,,0.5158091711226176,,False
/content/drive/MyDrive/BDC2026/train/0_Recyclable/R_4993.jpg,4,0.0,0.0,pending,,,0.5171414579939653,,False
/content/drive/MyDrive/BDC2026/train/0_Recyclable/R_140.jpg,3,0.0,0.0,pending,,,0.5250210758669223,,False
/content/drive/MyDrive/BDC2026/train/0_Recyclable/R_5002.jpg,4,0.0,0.0,pending,,,0.5288833574517973,,False
/content/drive/MyDrive/BDC2026/train/0_Recyclable/R_695.jpg,0,0.0,0.0,pending,,,0.5368931279441319,,False
/content/drive/MyDrive/BDC2026/train/0_Recyclable/R_3801.jpg,3,0.0,0.0,pending,,,0.5505060940185167,,False
/content/drive/MyDrive/BDC2026/train/0_Recyclable/R_674.jpg,4,0.0,0.0,pending,,,0.5560419372156598,,False
/content/drive/MyDrive/BDC2026/train/0_Recyclable/R_9999.jpg,3,0.0,0.0,pending,,,0.5561099672871339,,False
/content/drive/MyDrive/BDC2026/train/0_Recyclable/R_828.jpg,0,0.0,0.0,pending,,,0.5572555216611501,,False
/content/drive/MyDrive/BDC2026/train/0_Recyclable/R_244.jpg,0,0.0,0.0,pending,,,0.5591388568546588,,False
/content/drive/MyDrive/BDC2026/train/0_Recyclable/R_2814.jpg,1,0.0,0.0,pending,,,0.5606379992039467,,False
/content/drive/MyDrive/BDC2026/train/0_Recyclable/R_874.jpg,0,0.0,0.0,pending,,,0.5674033279903485,,False
/content/drive/MyDrive/BDC2026/train/0_Recyclable/R_7193.jpg,1,0.0,0.0,pending,,,0.5755990220153868,,False
/content/drive/MyDrive/BDC2026/train/0_Recyclable/R_931.jpg,3,0.0,0.0,pending,,,0.5770237627115945,,False
/content/drive/MyDrive/BDC2026/train/0_Recyclable/R_712.jpg,2,0.0,0.0,pending,,,0.5790007318951335,,False
/content/drive/MyDrive/BDC2026/train/0_Recyclable/R_8768.jpg,0,0.0,0.0,pending,,,0.5797301084243311,,False
/content/drive/MyDrive/BDC2026/train/0_Recyclable/R_139.jpg,2,0.0,0.0,pending,,,0.5908473864573723,,False
/content/drive/MyDrive/BDC2026/train/0_Recyclable/R_849.jpg,2,0.0,0.0,pending,,,0.5909424320751961,,False
/content/drive/MyDrive/BDC2026/train/0_Recyclable/R_419.jpg,4,0.0,0.0,pending,,,0.5923358936706401,,False
/content/drive/MyDrive/BDC2026/train/0_Recyclable/R_4570.jpg,2,0.0,0.0,pending,,,0.5980600809224229,,False
/content/drive/MyDrive/BDC2026/train/0_Recyclable/R_4618.jpg,2,0.0,0.0,pending,,,0.598762317479266,,False
/content/drive/MyDrive/BDC2026/train/0_Recyclable/R_579.jpg,2,0.0,0.0,pending,,,0.6056915722032238,,False
/content/drive/MyDrive/BDC2026/train/0_Recyclable/R_7194.jpg,3,0.0,0.0,pending,,,0.6061812862760596,,False
/content/drive/MyDrive/BDC2026/train/0_Recyclable/R_9928.jpg,3,0.0,0.0,pending,,,0.6082914642930314,,False
/content/drive/MyDrive/BDC2026/train/0_Recyclable/R_7081.jpg,2,0.0,0.0,pending,,,0.6236468615329116,,False
